phase,fixture,operation,engine,tape,iterations,input_bytes,work_bytes,cpu_ms,cpu_min_ms,cpu_max_ms,wall_ms,wall_min_ms,wall_max_ms,throughput_mib_s,rss_before_mib,rss_after_mib,peak_rss_mib,peak_footprint_mib
timing,null,parse,node,,2000000,4,4,2.743e-05,2.74205e-05,2.7443e-05,2.6677562499999998e-05,2.6658708500000003e-05,2.6679707999999997e-05,142.99272152862542,51.125,56.59375,57.375,13.5677490234375
timing,null,parse,bun,,2000000,4,4,1.9213e-05,1.89905e-05,2.1312000000000002e-05,1.71978335e-05,1.6977771e-05,1.76964585e-05,221.8126641140583,28.546875,35.3125,35.703125,12.861083984375
timing,null,parse,perry,,2000000,4,4,0.0002190195,0.000218857,0.000219786,0.00021901681250000002,0.000218854396,0.0002197833545,17.417371854158453,4.3125,11.5625,12.734375,7.81353759765625
timing,null,stringify,bun,,2000000,4,4,2.86945e-05,2.8663499999999998e-05,2.9641e-05,2.6476166999999995e-05,2.63469585e-05,2.7435812499999997e-05,144.08042016146072,28.84375,129.359375,129.765625,106.8768310546875
timing,null,stringify,perry,,2000000,4,4,6.3563e-05,6.35305e-05,6.3585e-05,6.35594375e-05,6.3527208e-05,6.35815e-05,60.017794613506446,6.4375,33.15625,33.6875,27.92303466796875
timing,null,stringify,node,,2000000,4,4,2.728e-05,2.72765e-05,2.72925e-05,2.63482915e-05,2.6335916500000005e-05,2.6376896e-05,144.77968203839706,51.28125,58.671875,59.328125,15.396484375
timing,string_a,parse,bun,,2000000,3,3,2.26015e-05,2.24945e-05,2.2609000000000003e-05,2.0435812499999996e-05,2.0350208e-05,2.0443645999999998e-05,140.00045015184742,28.578125,35.703125,36.09375,13.220458984375
timing,string_a,parse,node,,2000000,3,3,3.1798500000000004e-05,3.17955e-05,3.1834e-05,3.10621875e-05,3.1024041499999997e-05,3.11008335e-05,92.10629319711467,51.125,56.515625,57.25,13.4427490234375
timing,string_a,parse,perry,,2000000,3,3,0.000222404,0.00022231450000000002,0.0002224955,0.00022240270799999998,0.00022231308350000002,0.0002224917705,12.864155184741502,4.328125,11.5625,12.734375,7.81353759765625
timing,string_a,stringify,bun,,2000000,3,3,2.88005e-05,2.8462499999999997e-05,2.9469000000000002e-05,2.6604271e-05,2.63032295e-05,2.7229708499999998e-05,107.53998668930828,28.84375,129.359375,129.765625,106.8612060546875
timing,string_a,stringify,perry,,2000000,3,3,6.9703e-05,6.96995e-05,6.97495e-05,6.9700896e-05,6.9697958e-05,6.974758350000001e-05,41.04714735975202,6.453125,33.15625,33.6875,27.90740966796875
timing,string_a,stringify,node,,2000000,3,3,3.0136500000000002e-05,3.01135e-05,3.0194e-05,2.9204458499999998e-05,2.9186187499999994e-05,2.9261542e-05,97.96527982940516,51.328125,58.734375,59.40625,15.45892333984375
timing,empty_object,parse,node,,2000000,2,2,4.5271e-05,4.5235500000000004e-05,4.53005e-05,4.4268749999999995e-05,4.42390625e-05,4.4316458e-05,43.085667266694905,51.59375,58.578125,59.21875,15.380859375
timing,empty_object,parse,bun,,2000000,2,2,2.41865e-05,2.40765e-05,2.423e-05,2.1613021e-05,2.15480415e-05,2.165725e-05,88.24997823360742,28.875,68.65625,69.046875,46.189208984375
timing,empty_object,parse,perry,,2000000,2,2,0.0002914195,0.0002913715,0.00029143,0.000291417479,0.000291369958,0.00029142722900000003,6.545072860274452,6.0,32.921875,33.453125,27.73553466796875
timing,empty_object,stringify,node,,2000000,2,2,3.2088e-05,3.20375e-05,3.2109499999999995e-05,3.1148021e-05,3.110252099999999e-05,3.1161604e-05,61.23498609470246,51.375,58.71875,59.390625,15.443359375
timing,empty_object,stringify,bun,,2000000,2,2,2.9844e-05,2.9812000000000002e-05,2.9905999999999998e-05,2.7657728999999997e-05,2.7628145999999996e-05,2.77250625e-05,68.96259026952286,28.84375,129.359375,129.765625,106.87689208984375
timing,empty_object,stringify,perry,,2000000,2,2,0.0001306215,0.0001304785,0.000131075,0.0001306199585,0.000130476854,0.00013107358350000002,14.602275599501894,12.0625,33.21875,33.75,27.93865966796875
timing,tiny_object,parse,node,,2000000,7,7,8.177049999999999e-05,8.1178e-05,8.22355e-05,8.082275e-05,8.024364600000002e-05,8.130562499999999e-05,82.59704371409968,51.765625,58.609375,59.296875,15.42767333984375
timing,tiny_object,parse,perry,,2000000,7,7,0.0003374955,0.0003373715,0.000339134,0.00033749258299999995,0.00033736872899999996,0.00033913066650000003,19.78034644643954,6.09375,32.9375,33.46875,27.7354736328125
timing,tiny_object,parse,bun,,2000000,7,7,4.5275500000000004e-05,4.5114499999999996e-05,4.55375e-05,4.2660458e-05,4.2604062499999995e-05,4.29944165e-05,156.4849635426734,28.890625,68.640625,69.03125,46.173583984375
timing,tiny_object,stringify,bun,,2000000,7,7,3.9786499999999996e-05,3.97605e-05,3.98245e-05,3.7602145999999996e-05,3.7577854e-05,3.76492085e-05,177.5356176438374,28.84375,129.34375,129.75,106.8612060546875
timing,tiny_object,stringify,perry,,2000000,7,7,0.000188534,0.000188421,0.0001887485,0.0001885358545,0.00018841918749999998,0.0001887546665,35.40822636918512,12.09375,33.1875,33.71875,27.90740966796875
timing,tiny_object,stringify,node,,2000000,7,7,3.72205e-05,3.72115e-05,3.74275e-05,3.6297917e-05,3.6295792e-05,3.6494853999999996e-05,183.91469171202718,51.359375,58.765625,59.4375,15.458984375
timing,small_record,parse,node,,587515,109,109,0.0003332970222036884,0.00032858395104805836,0.00037183391062355856,0.0003304028407785333,0.000325717357003651,0.0003689642681463452,314.61745378260395,53.5,58.625,59.265625,15.396484375
timing,small_record,parse,perry,,587515,109,109,0.0007628571185416543,0.00076230394117597,0.0007637217773163238,0.0007628487493936324,0.0007622966358305745,0.000763724330442627,136.2662003062975,7.453125,33.328125,33.859375,28.12615966796875
timing,small_record,parse,bun,,587515,109,109,0.0002516650638707097,0.0002515510242291686,0.00025169570138634757,0.00024277075138507098,0.00024270110720577348,0.00024298258938069668,428.18379024333166,29.5,79.46875,79.859375,56.64239501953125
timing,small_record,stringify,bun,,1283422,109,107,0.0001204140181483565,0.00012027844309977543,0.00012043193898811147,0.00011688682678027961,0.0001168235841367843,0.00011694786126465029,873.0081452830134,29.46875,255.84375,256.25,233.0020751953125
timing,small_record,stringify,perry,,1283422,109,107,0.0005409787271840439,0.0005407418604325,0.0005411361189071092,0.0005409792788342416,0.0005407397504484106,0.0005411363783697022,188.6267290594973,12.59375,34.171875,34.703125,28.87615966796875
timing,small_record,stringify,node,,1283422,109,107,0.00010815148875428347,0.00010814135958398719,0.000108290180470648,0.0001066010766528858,0.00010660091458616105,0.00010676632471626635,957.2431635727419,53.03125,58.875,59.53125,15.53704833984375
timing,object_1k,parse,perry,,560398,1021,1021,0.0017294779781512426,0.0017286357196135604,0.0017313998265518435,0.0017294721037548315,0.001728623674602693,0.001731436111477914,563.0050203971444,11.109375,33.390625,33.921875,28.1729736328125
timing,object_1k,parse,node,,560398,1021,1021,0.0005423913004685955,0.0005413598906491458,0.0005464116574291843,0.0005380553196121328,0.0005371050271414245,0.0005421754556583,1809.6679682540673,55.578125,60.828125,61.5,17.8818359375
timing,object_1k,parse,bun,,560398,1021,1021,0.00023795588135575073,0.00023672639802426132,0.00023880884656975936,0.0002266572899974661,0.00022552803186306876,0.00022761174558081935,4295.919522648783,34.21875,70.796875,71.1875,48.28289794921875
timing,object_1k,stringify,bun,,649057,1021,1021,0.00021526768835402748,0.00021459132248785546,0.00021538940339600377,0.0002054141623925171,0.00020493365759863928,0.00020544747995938724,4740.186682893738,33.9375,70.390625,70.796875,47.86114501953125
timing,object_1k,stringify,perry,,649057,1021,1021,0.0011270227422244888,0.0011270042538636823,0.0011272646316117074,0.0011270134348755193,0.001126993533695808,0.0011272541040309248,863.9661666130256,17.078125,34.296875,34.828125,29.01678466796875
timing,object_1k,stringify,node,,649057,1021,1021,0.00019912118658299658,0.000198401681208276,0.00020112717373050443,0.00019501542237430615,0.00019433796569484654,0.00019706968571327327,4992.9460203505905,54.03125,60.859375,61.5,17.75677490234375
timing,records_array_16k,parse,perry,,5217,13197,13197,0.028939620471535366,0.028934061721295767,0.028954571592869467,0.028938462526356144,0.02893279183438758,0.028954172321257424,434.9104567027609,4.796875,63.3125,63.78125,44.063720703125
timing,records_array_16k,parse,node,,5217,13197,13197,0.039874257235959366,0.03859229442208166,0.040469043511596706,0.039460641364769025,0.038170979490128425,0.04005409392371095,318.9415964447528,51.078125,64.78125,65.453125,22.3525390625
timing,records_array_16k,parse,bun,,5217,13197,13197,0.03399808318957255,0.03399731646540157,0.03400402530189764,0.033834235767682574,0.03383128081272762,0.03383630438949588,371.9794364510133,28.34375,69.96875,70.359375,51.626708984375
timing,records_array_16k,stringify,node,,10069,13197,13077,0.013237858774456253,0.013225643062866225,0.013247392988380177,0.013023132088588735,0.013012704042109444,0.01303374635018373,957.619023658078,51.15625,60.875,61.5625,17.8348388671875
timing,records_array_16k,stringify,perry,,10069,13197,13077,0.03659002880127123,0.03620627669083325,0.0369140927599563,0.03659059986095938,0.03620580494587348,0.03691369142913894,340.83068009362626,12.125,34.625,35.09375,29.25115966796875
timing,records_array_16k,stringify,bun,,10069,13197,13077,0.023209653391597973,0.023203992452080643,0.023290396265766213,0.02313278796305492,0.023129556063164167,0.02322016426656073,539.1135325133366,28.5,70.625,71.0,52.25177001953125
timing,records_array_16k,sparse,perry,,4329,13197,13197,0.03537144837144837,0.03536151536151536,0.0354010164010164,0.03537082282282283,0.035360957264957256,0.03540041972741973,355.8198240582763,12.171875,58.5,58.96875,47.423095703125
timing,records_array_16k,sparse,node,,4329,13197,13197,0.04072164472164472,0.03797782397782398,0.04097412797412798,0.04014770524370524,0.037444165396165394,0.04042578147378147,313.48342021581874,51.0625,61.03125,61.71875,17.8660888671875
timing,records_array_16k,sparse,bun,,4329,13197,13197,0.034084546084546086,0.03406768306768307,0.034983829983829984,0.0338801975051975,0.033872256872256874,0.03479712404712404,371.47481066727966,28.375,70.0,70.390625,51.65789794921875
timing,records_array_16k,scan,node,,3724,13197,13197,0.04108700322234157,0.03960848549946295,0.04327443609022556,0.04049088131041891,0.038919989527389905,0.04259127738990333,310.8265255361287,51.234375,61.109375,61.78125,17.95989990234375
timing,records_array_16k,scan,bun,,3724,13197,13197,0.0358703007518797,0.035707035445757256,0.037809881847475836,0.03436170784103115,0.03421372636949517,0.03507640735767991,366.2693371307007,28.375,76.96875,77.359375,54.126708984375
timing,records_array_16k,scan,perry,,3724,13197,13197,13.03696186895811,12.748873523093447,13.05703141783029,13.037165435821697,12.749131310418907,13.057118107679914,0.9653662842255744,12.328125,2569.90625,3220.515625,3416.195556640625
timing,records_array_16k,roundtrip,perry,,3761,13197,13197,0.04090693964371178,0.04064876362669503,0.04113507045998405,0.04090931055570327,0.04064774421696358,0.04113314278117522,307.647324842503,4.984375,71.1875,71.609375,61.641845703125
timing,records_array_16k,roundtrip,node,,3761,13197,13197,0.054881680404147835,0.05322839670300452,0.05792448816804042,0.05459082238766285,0.052984822387662854,0.05763574634405744,230.54497813276302,51.21875,59.84375,60.59375,22.086669921875
timing,records_array_16k,roundtrip,bun,,3761,13197,13197,0.058472746609944164,0.05819276788088274,0.059154480191438444,0.058237314809890986,0.05793815900026589,0.058913808295666045,216.1095509759963,28.46875,70.4375,70.8125,51.861083984375
timing,records_array_1m,parse,perry,,76,888597,888597,1.9027500000000002,1.8992631578947368,1.9751184210526318,1.9027159999999999,1.899174894736842,1.9750158947368424,445.3802546126929,12.265625,60.65625,61.140625,50.844970703125
timing,records_array_1m,parse,node,,76,888597,888597,2.892921052631579,2.810171052631579,2.939065789473684,2.767205039473684,2.6761732499999997,2.814451197368421,306.24117998022444,60.1875,90.421875,91.65625,56.1773681640625
timing,records_array_1m,parse,bun,,76,888597,888597,2.175565789473684,2.169157894736842,2.222539473684211,2.1249013157894736,2.1207944078947367,2.1709868421052634,398.81011425737404,33.1875,78.734375,79.125,60.3299560546875
timing,records_array_1m,stringify,bun,,174,888597,880997,0.9869655172413793,0.9735287356321839,0.9995344827586208,0.9797373045977011,0.9660560344827587,0.9918912816091955,857.5607030457545,35.25,99.921875,100.3125,81.1112060546875
timing,records_array_1m,stringify,node,,174,888597,880997,0.8536666666666667,0.8487126436781608,0.8606494252873562,0.8183031609195403,0.8175165229885057,0.8229576149425287,1026.7395408650611,61.28125,91.84375,105.34375,68.29498291015625
timing,records_array_1m,stringify,perry,,174,888597,880997,2.326741379310345,2.325925287356322,2.332764367816092,2.3266922931034486,2.3258864942528734,2.33272174137931,361.10671540940245,20.234375,59.046875,59.484375,52.313720703125
timing,records_array_1m,sparse,bun,,77,888597,888597,2.2024155844155846,2.2013246753246754,2.203649350649351,2.1266314935064936,2.1245584415584418,2.1289237012987012,398.48565166236546,33.234375,82.296875,82.6875,63.92364501953125
timing,records_array_1m,sparse,node,,77,888597,888597,2.8987922077922077,2.7859350649350647,3.0052857142857143,2.773187779220779,2.664619051948052,2.8881455584415585,305.58051022919165,60.140625,90.421875,91.578125,56.17755126953125
timing,records_array_1m,sparse,perry,,77,888597,888597,2.0265844155844155,2.023909090909091,2.059012987012987,2.0268603896103894,2.02388961038961,2.0589594155844155,418.1008918421565,21.40625,61.71875,62.1875,51.829345703125
timing,records_array_1m,scan,bun,,51,888597,888597,2.299274509803922,2.2960588235294117,2.410686274509804,2.153086607843137,2.1471184705882354,2.172397882352941,393.58943270032364,33.515625,82.765625,83.15625,59.67364501953125
timing,records_array_1m,scan,node,,51,888597,888597,3.0432941176470587,2.8130392156862745,3.146843137254902,2.8498986862745097,2.6198709019607844,2.9604607843137254,297.3551798935836,60.25,95.90625,97.140625,56.9429931640625
timing,records_array_1m,scan,perry,,51,888597,888597,6.368117647058823,6.361058823529412,6.392117647058823,6.3679926470588235,6.361264705882354,6.3920539215686265,133.07680826658097,23.6875,176.875,177.40625,171.72021484375
timing,records_array_1m,roundtrip,perry,,55,888597,888597,2.699618181818182,2.6969272727272724,2.7016727272727277,2.6995166727272726,2.6968674363636365,2.7015924181818183,313.919949114261,13.859375,68.078125,68.5,55.735595703125
timing,records_array_1m,roundtrip,bun,,55,888597,888597,3.1246363636363634,3.119836363636364,3.1308545454545453,3.080937127272727,3.0758295454545457,3.0850840909090906,275.0566147663646,35.953125,77.0625,77.453125,57.454833984375
timing,records_array_1m,roundtrip,node,,55,888597,888597,3.6294181818181817,3.523709090909091,3.7341454545454544,3.4980931818181817,3.3909348545454545,3.6075265272727273,242.2554496090296,62.171875,104.28125,105.359375,70.20989990234375
timing,records_object_1m,parse,bun,,71,888609,888609,2.1447464788732393,2.141,2.1518169014084507,2.1070475352112674,2.1036784084507043,2.115082746478873,402.1948088335229,33.203125,75.53125,75.921875,57.12677001953125
timing,records_object_1m,parse,node,,71,888609,888609,2.7968028169014088,2.765887323943662,2.9584507042253523,2.6733057464788734,2.6424999999999996,2.830071014084507,317.00211685238247,60.15625,90.484375,91.625,56.3656005859375
timing,records_object_1m,parse,perry,,71,888609,888609,4.445690140845071,4.441661971830986,4.4492394366197185,4.445598,4.441674887323943,4.449172535211268,190.62532883707465,12.078125,78.71875,79.265625,73.548095703125
timing,records_object_1m,stringify,node,,177,888609,881009,0.8630621468926554,0.847632768361582,0.8640338983050847,0.8252801355932202,0.8140322542372881,0.8262262259887005,1018.0732815273838,61.296875,94.4375,107.9375,71.02972412109375
timing,records_object_1m,stringify,perry,,177,888609,881009,2.331610169491525,2.3171807909604523,2.3380903954802257,2.331583802259887,2.3171332372881355,2.338097220338983,360.354045609853,20.25,59.0625,59.5,52.34490966796875
timing,records_object_1m,stringify,bun,,177,888609,881009,0.9725593220338983,0.972276836158192,0.9757344632768362,0.9658669943502826,0.9651240564971751,0.9695979322033897,869.8875318624331,35.25,99.9375,100.328125,81.1268310546875
timing,records_array_8m,parse,node,,8,7117930,7117930,30.559125,29.927625,30.987625,22.290645875,21.753921874999996,22.702099000000004,304.530746441529,118.359375,222.84375,224.328125,200.4251708984375
timing,records_array_8m,parse,perry,,8,7117930,7117930,16.66475,16.64925,16.683375,16.663619875,16.648604125,16.682864625,407.36569112223225,54.5625,101.09375,101.5625,92.22003173828125
timing,records_array_8m,parse,bun,,8,7117930,7117930,21.861375,21.779375,22.022375,18.020520875000003,17.968520875,18.062067624999997,376.69205424549295,64.953125,110.875,111.265625,92.20489501953125
timing,records_array_8m,stringify,perry,,20,7117930,7058930,19.494300000000003,19.476,19.51445,19.49405625,19.475749999999998,19.513887500000003,345.3319389241821,77.65625,194.375,194.78125,188.87646484375
timing,records_array_8m,stringify,node,,20,7117930,7058930,6.83485,6.8292,6.84905,6.6764021,6.6640749999999995,6.68226875,1008.3155779831731,122.5625,183.265625,184.921875,148.92535400390625
timing,records_array_8m,stringify,bun,,20,7117930,7058930,8.51685,8.5101,8.54815,7.814750000000001,7.7945812499999985,7.884275,861.4376969589008,80.671875,169.34375,169.734375,150.830078125
timing,records_array_8m,sparse,perry,,8,7117930,7117930,17.9755,17.9625,18.019,17.974182374999998,17.96156775,18.017895875,377.66318853085187,60.515625,97.78125,98.25,87.782470703125
timing,records_array_8m,sparse,bun,,8,7117930,7117930,21.074125,21.027875,21.07875,17.92771875,17.87509375,17.962640625000002,378.64198572266974,64.953125,130.40625,130.796875,111.6737060546875
timing,records_array_8m,sparse,node,,8,7117930,7117930,30.415,30.1975,30.511375,22.283833375,22.030208375,22.290150999999998,304.62384602970224,118.359375,222.75,224.3125,200.11138916015625
timing,records_array_8m,scan,perry,,8,7117930,7117930,47.676625,47.64475,47.76675,47.675651,47.643661375,47.765828125,142.38268140224324,88.4375,263.390625,263.890625,258.2359619140625
timing,records_array_8m,scan,bun,,8,7117930,7117930,21.513875,21.38975,21.6245,18.2369375,18.223666625,18.350739625,372.22187261307107,67.796875,133.0625,133.453125,111.9549560546875
timing,records_array_8m,scan,node,,8,7117930,7117930,30.90975,29.34625,31.107625,22.96121875,21.478802,23.320880250000002,295.6370522351972,123.984375,228.328125,229.84375,200.736083984375
timing,records_array_8m,roundtrip,node,,6,7117930,7117930,32.8415,32.50716666666667,34.7785,27.385722166666664,27.2054445,29.273257,247.8732160380996,138.59375,230.75,231.84375,204.22381591796875
timing,records_array_8m,roundtrip,perry,,6,7117930,7117930,23.02733333333333,23.022333333333332,23.089333333333332,23.026639,23.021756999999997,23.088513833333337,294.7971272306627,72.328125,124.9375,125.359375,109.90753173828125
timing,records_array_8m,roundtrip,bun,,6,7117930,7117930,27.89616666666667,27.770166666666668,28.08866666666667,25.76725,25.730534833333333,25.77840983333333,263.44243281597915,85.375,143.8125,144.21875,125.2987060546875
timing,records_object_8m,parse,bun,,8,7117942,7117942,22.095375,21.5755,22.11325,18.032630249999997,17.9949115,18.1575,376.4397304752221,64.953125,111.375,111.765625,92.6424560546875
timing,records_object_8m,parse,perry,,8,7117942,7117942,34.840375,34.79725,34.920875,34.83956775,34.7975365,34.920901125,194.84163867300953,74.5625,230.109375,230.625,225.0172119140625
timing,records_object_8m,parse,node,,8,7117942,7117942,30.002125,29.97325,31.112125,22.091802125,21.766062500000004,22.9030365,307.2722828432149,118.359375,222.765625,224.265625,200.03338623046875
timing,records_object_8m,stringify,perry,,20,7117942,7058942,19.5392,19.48585,19.55415,19.53877295,19.4859042,19.5538521,344.5421932906676,77.78125,194.375,194.78125,188.86083984375
timing,records_object_8m,stringify,node,,20,7117942,7058942,6.879099999999999,6.835299999999999,6.885,6.7077770999999995,6.704164600000001,6.72874585,1003.6009822689797,122.609375,183.265625,184.84375,148.8155517578125
timing,records_object_8m,stringify,bun,,20,7117942,7058942,8.5776,8.44025,8.60035,7.853635399999999,7.77969375,7.8704125000000005,857.1739511107643,80.671875,189.4375,189.828125,170.923828125
timing,records_array_20m,parse,perry,,3,17765930,17765930,86.20166666666667,86.15733333333333,86.29866666666668,86.20025000000003,86.15563866666668,86.29725,196.55292354803245,178.3125,313.984375,314.5,308.923583984375
timing,records_array_20m,parse,node,,3,17765930,17765930,98.06866666666667,96.598,100.30933333333333,64.03712499999999,60.68379166666667,64.534528,264.5795099025962,222.21875,321.390625,324.71875,305.53607177734375
timing,records_array_20m,parse,bun,,3,17765930,17765930,57.334,57.111333333333334,57.33566666666667,44.50206933333334,44.414750000000005,44.53379166666667,380.72187208113843,120.078125,187.65625,188.046875,168.439453125
timing,records_array_20m,stringify,perry,,8,17765930,17620930,97.269125,97.1115,97.338125,97.268578125,97.11084374999999,97.34576562500001,172.7652310348027,162.75,162.765625,174.859375,166.76702880859375
timing,records_array_20m,stringify,node,,8,17765930,17620930,17.410625,17.325125,17.5995,17.280510375000002,17.184609375,17.463546875,972.4613456153421,254.671875,390.296875,391.0625,359.39453125
timing,records_array_20m,stringify,bun,,8,17765930,17620930,20.757875,20.57775,20.8675,19.4165365,19.355963625,19.438895875,865.4802246627448,169.453125,304.40625,304.796875,286.03369140625
timing,records_array_20m,sparse,perry,,3,17765930,17765930,86.42566666666666,86.34866666666666,86.516,86.42416666666668,86.34615266666667,86.51454166666663,196.0436739114787,178.40625,313.921875,314.4375,308.861083984375
timing,records_array_20m,sparse,bun,,3,17765930,17765930,57.06,57.006,57.205333333333336,44.41458333333333,44.35701366666667,44.58263900000001,381.47180219870626,120.0625,187.484375,187.875,168.79888916015625
timing,records_array_20m,sparse,node,,3,17765930,17765930,96.03233333333333,95.40833333333335,97.944,60.53445833333333,58.327028000000006,61.156486,279.8887049550366,222.15625,321.5,324.78125,305.39459228515625
timing,records_array_20m,scan,perry,,3,17765930,17765930,89.95066666666666,89.68,89.96433333333333,89.94933333333336,89.6777223333333,89.96145833333334,188.36060835808993,178.4375,313.921875,314.4375,308.845458984375
timing,records_array_20m,scan,bun,,3,17765930,17765930,57.14633333333333,57.040666666666674,57.294999999999995,45.14043066666667,45.004055666666666,45.23977766666667,375.33782681835487,123.015625,189.96875,190.359375,168.423828125
timing,records_array_20m,scan,node,,3,17765930,17765930,96.508,95.27033333333333,97.601,58.268263999999995,57.32398633333333,61.880347333333326,290.77425660169473,227.796875,326.84375,330.21875,306.0198974609375
timing,records_array_20m,roundtrip,perry,,2,17765930,17765930,141.4895,141.3695,141.663,141.48695850000004,141.36683350000004,141.6638335,119.74892476094385,159.828125,161.890625,162.3125,150.4700927734375
timing,records_array_20m,roundtrip,bun,,2,17765930,17765930,76.557,76.438,76.903,65.10216699999998,64.92060450000001,65.19193750000001,260.25110881595225,163.28125,254.203125,254.578125,235.78350830078125
timing,records_array_20m,roundtrip,node,,2,17765930,17765930,101.3865,101.0665,104.683,74.332771,73.369375,77.42170850000001,227.9332644288384,270.921875,304.734375,340.5625,315.35675048828125
timing,records_object_20m,parse,perry,,2,17765942,17765942,85.5705,85.477,85.6515,85.568,85.474833,85.64887500000002,198.00535938859255,178.3125,252.828125,253.359375,247.7515869140625
timing,records_object_20m,parse,node,,2,17765942,17765942,81.556,79.617,82.9815,56.414854000000005,56.1959375,57.002229,300.32733209170556,222.28125,292.703125,324.0,304.2381591796875
timing,records_object_20m,parse,bun,,2,17765942,17765942,49.8705,49.6385,58.3095,43.368395500000005,43.132229,44.035208499999996,390.6744161693297,120.03125,153.59375,153.984375,135.1580810546875
timing,records_object_20m,stringify,bun,,8,17765942,17620942,20.8375,20.483,20.997375,19.474229125,19.463468749999997,19.59700525,862.9168173189079,169.09375,304.5,304.875,286.11181640625
timing,records_object_20m,stringify,perry,,8,17765942,17620942,97.205,97.10025,97.40375,97.20565100000002,97.09916662500001,97.40756774999998,172.87719019837826,162.765625,162.78125,174.859375,166.78277587890625
timing,records_object_20m,stringify,node,,8,17765942,17620942,17.298875,17.2625,17.36275,17.167989625,17.131765625000003,17.220682249999996,978.8356227693246,254.6875,390.328125,391.0625,359.48870849609375
timing,numbers_1m,parse,node,,68,1067371,1067371,3.0719852941176473,3.0707500000000003,3.0741764705882355,3.061679529411765,3.0605379852941175,3.063672176470588,332.4725200656215,59.328125,77.71875,78.890625,40.19561767578125
timing,numbers_1m,parse,perry,,68,1067371,1067371,2.1588382352941173,2.156794117647059,2.160220588235294,2.158788602941176,2.156697911764706,2.1601262205882357,471.52570075180836,12.140625,62.921875,63.390625,53.391845703125
timing,numbers_1m,parse,bun,,68,1067371,1067371,3.2060147058823527,3.199720588235294,3.213602941176471,3.197995088235294,3.191499382352941,3.205051470588235,318.3007730442021,33.34375,64.8125,65.203125,46.54852294921875
timing,numbers_1m,stringify,bun,,75,1067371,1036121,2.9576666666666664,2.9575199999999997,2.9592133333333335,2.950020546666667,2.9498583333333332,2.9508077733333336,334.9542726086007,35.453125,69.875,70.25,51.532958984375
timing,numbers_1m,stringify,node,,75,1067371,1036121,1.93396,1.9317466666666667,1.9359600000000001,1.9248961199999997,1.9232527733333336,1.9268833333333335,513.3378243752501,61.875,79.515625,80.703125,41.94580078125
timing,numbers_1m,stringify,perry,,75,1067371,1036121,8.000386666666667,7.995306666666667,8.002893333333333,8.000349453333335,7.995212226666666,8.00310944,123.50985318240824,15.640625,58.765625,59.203125,52.2823486328125
timing,long_string_1m,parse,node,,1067,1048594,1048594,0.3705182755388941,0.37043486410496723,0.37114432989690727,0.3663562952202437,0.36633930834114337,0.3670224536082474,2729.6300873894124,56.515625,149.78125,150.6875,114.26751708984375
timing,long_string_1m,parse,perry,,1067,1048594,1048594,1.4378537956888473,1.4359400187441425,1.4391227741330834,1.4378640271790066,1.4359424789128399,1.4391258200562325,695.487992769151,10.328125,59.234375,59.71875,52.47003173828125
timing,long_string_1m,parse,bun,,1067,1048594,1048594,0.06915557638238051,0.0677282099343955,0.06920899718837864,0.06789206560449859,0.06634743017806936,0.06792252389878164,14729.514520345265,31.546875,153.046875,153.4375,134.7674560546875
timing,long_string_1m,stringify,perry,,1088,1048594,1048594,0.9794503676470588,0.9766525735294117,0.9798125000000001,0.9794580266544116,0.9766469053308823,0.9798120404411766,1020.9903221208045,21.375,62.296875,62.796875,56.25128173828125
timing,long_string_1m,stringify,bun,,1088,1048594,1048594,0.09844025735294117,0.09820036764705882,0.09849080882352941,0.09697571966911765,0.09679082444852942,0.09704346599264706,10312.036554611466,33.578125,157.171875,157.578125,138.81427001953125
timing,long_string_1m,stringify,node,,1088,1048594,1048594,0.10661121323529411,0.10660477941176472,0.10967555147058823,0.10244401011029411,0.10240322426470587,0.10541318106617648,9761.597237955139,59.921875,153.734375,154.671875,118.23651123046875
timing,escaped_1m,parse,node,,83,990018,990018,1.7334457831325303,1.7323975903614457,1.7356385542168673,1.7249949759036143,1.723969373493976,1.7273323373493976,547.3376749316621,56.078125,71.703125,72.84375,34.25860595703125
timing,escaped_1m,parse,perry,,83,990018,990018,3.030156626506024,3.0229638554216867,3.031987951807229,3.030112951807229,3.022886542168675,3.032012048192771,311.5906087978559,11.65625,56.578125,57.0625,49.73553466796875
timing,escaped_1m,parse,bun,,83,990018,990018,2.0906385542168673,2.0869036144578312,2.0910602409638552,2.0848614457831323,2.0818077349397592,2.085444277108434,452.86210327767463,32.75,64.5625,64.953125,46.361083984375
timing,escaped_1m,stringify,node,,83,990018,990018,1.8623132530120483,1.8540602409638554,1.8633855421686747,1.85451556626506,1.846522590361446,1.8564457831325303,509.1112506978751,59.5625,77.328125,78.484375,39.77410888671875
timing,escaped_1m,stringify,bun,,83,990018,990018,2.100433734939759,2.096602409638554,2.103457831325301,2.093078819277108,2.0895140602409636,2.096243975903614,451.0841783330299,34.890625,68.5625,68.96875,50.4239501953125
timing,escaped_1m,stringify,perry,,83,990018,990018,1.8601325301204819,1.8587951807228915,1.8607590361445785,1.8600426746987953,1.8587459759036145,1.860696795180723,507.59842890850547,19.71875,55.3125,55.796875,48.81365966796875
timing,unicode_1m,parse,bun,,750,884018,884018,0.06101333333333333,0.06087733333333333,0.06102266666666667,0.059826666666666674,0.059730944,0.05987705466666666,14091.79733408993,32.140625,97.75,98.140625,79.37677001953125
timing,unicode_1m,parse,perry,,750,884018,884018,2.035506666666667,2.0346306666666667,2.0383373333333332,2.035503888,2.0346417786666664,2.038339554666667,414.1801284738299,9.125,54.796875,55.28125,47.12628173828125
timing,unicode_1m,parse,node,,750,884018,884018,0.4465786666666667,0.44587866666666665,0.4466773333333333,0.4406276666666667,0.4403046666666667,0.44070899999999996,1913.3280218615873,56.953125,144.984375,145.59375,109.28363037109375
timing,unicode_1m,stringify,bun,,324,884018,884018,0.4560030864197531,0.45589814814814816,0.4584969135802469,0.45436432716049385,0.4542384259259259,0.4565720154320988,1855.482949353607,34.953125,80.59375,81.0,62.298583984375
timing,unicode_1m,stringify,perry,,324,884018,884018,1.6400246913580248,1.639817901234568,1.645111111111111,1.6400509259259257,1.6398352623456791,1.6451023641975306,514.0482216214414,18.734375,56.6875,57.171875,49.79803466796875
timing,unicode_1m,stringify,node,,324,884018,884018,0.43773765432098766,0.43726543209876545,0.43818518518518523,0.4242074351851853,0.4236718086419753,0.4252965524691357,1987.3891683977324,60.109375,127.6875,128.328125,91.312744140625
timing,wide_1m,parse,perry,,3,977781,977781,405.6963333333333,405.6893333333333,406.0056666666667,405.69673599999993,405.69236133333334,406.00776399999995,2.298477024892849,18.90625,36.84375,37.640625,32.48553466796875
timing,wide_1m,parse,bun,,3,977781,977781,4.117999999999999,4.109333333333333,4.123333333333333,4.114805666666666,4.105889,4.120652666666666,226.6169297675264,38.5625,45.46875,45.859375,27.314208984375
timing,wide_1m,parse,node,,3,977781,977781,5.677333333333333,5.648333333333333,5.691666666666666,5.417972,5.39525,5.462069333333332,172.1095322696425,68.453125,77.953125,78.6875,39.85076904296875
timing,wide_1m,stringify,bun,,215,977781,977781,0.6681302325581395,0.6658325581395349,0.6689209302325582,0.6644835255813953,0.6621102744186047,0.6650467023255815,1403.322416389683,40.15625,84.171875,84.5625,64.28302001953125
timing,wide_1m,stringify,node,,215,977781,977781,6.380939534883721,6.34426511627907,6.383851162790698,6.340021320930232,6.305387790697674,6.3446916697674425,147.0790995121136,68.75,114.78125,115.359375,78.5318603515625
timing,wide_1m,stringify,perry,,215,977781,977781,2.8055627906976746,2.7999023255813955,2.8075906976744185,2.8058061999999997,2.7998934093023253,2.8075375953488373,332.3410671663708,29.5625,69.359375,69.84375,61.84490966796875
timing,heterogeneous_1m,parse,node,,71,914291,914291,3.9762957746478875,3.8940422535211265,3.9868450704225347,3.878209507042253,3.806061028169014,3.896042845070423,224.82948454385473,61.171875,90.28125,91.09375,55.86480712890625
timing,heterogeneous_1m,parse,perry,,71,914291,914291,2.0627323943661975,2.0605211267605634,2.0632394366197184,2.0626502394366195,2.060461267605634,2.0635228873239435,422.72598027067465,14.28125,66.375,66.84375,56.46990966796875
timing,heterogeneous_1m,parse,bun,,71,914291,914291,2.9452535211267605,2.937056338028169,2.968098591549296,2.860367366197183,2.85696361971831,2.8873767605633804,304.8335170949083,35.0,76.75,77.140625,56.767333984375
timing,heterogeneous_1m,stringify,bun,,167,914291,914291,1.0664910179640719,1.0628862275449102,1.0669820359281437,1.0585778443113771,1.054932880239521,1.0587198083832334,823.686088941901,36.53125,101.09375,101.484375,81.9862060546875
timing,heterogeneous_1m,stringify,node,,167,914291,914291,0.9095508982035929,0.9068502994011975,0.9295928143712574,0.868375748502994,0.8682741976047904,0.8885573892215569,1004.0997182665798,61.90625,101.640625,109.453125,72.48272705078125
timing,heterogeneous_1m,stringify,perry,,167,914291,914291,4.6718802395209575,4.668089820359282,4.680586826347305,4.672094562874252,4.668045155688623,4.680541916167664,186.62632630555657,19.515625,57.546875,57.984375,50.84490966796875
memory,tiny_object,retain-parse,perry,,1,7,7,0.021,0.019,0.031,0.014917000000000069,0.014874999999999527,0.025792000000000037,0.4475243155355446,4.234375,11.625,12.796875,7.79791259765625
memory,tiny_object,retain-parse,node,,1,7,7,0.376,0.374,0.397,0.024291999999999092,0.02224999999999966,0.025082999999998634,0.2748114694073769,50.84375,51.453125,52.328125,13.192626953125
memory,tiny_object,retain-parse,bun,,1,7,7,0.009,0.008,0.01,0.005999999999998451,0.005957999999999686,0.006375000000000242,1.1126200358075788,28.203125,28.28125,28.671875,10.142333984375
memory,tiny_object,retain-parse,perry,,200000,7,7,0.00034392000000000005,0.00034331000000000005,0.00034394,0.00034389854,0.00034328521,0.00034391396,19.411888793839456,4.234375,24.1875,25.3125,20.31365966796875
memory,tiny_object,retain-parse,node,,200000,7,7,0.00013143,0.000127735,0.00013159,0.00011038833,0.00010943312499999997,0.00011296854,60.47487279537384,50.890625,74.671875,75.40625,32.52642822265625
memory,tiny_object,retain-parse,bun,,200000,7,7,5.8399999999999997e-05,5.7995e-05,6.0165e-05,5.471833500000001e-05,5.4361249999999994e-05,5.5623955e-05,122.00152316118077,28.1875,50.203125,50.59375,29.73602294921875
memory,tiny_object,retain-stringify,perry,,1,7,7,0.018,0.018,0.019,0.012709000000000081,0.012083000000000066,0.012790999999999553,0.5252750188719575,6.0625,11.78125,12.9375,7.82916259765625
memory,tiny_object,retain-stringify,node,,1,7,7,0.366,0.365,0.383,0.008167000000000257,0.008084000000000202,0.008290999999999826,0.8174017650108412,51.0,51.5625,52.421875,13.16131591796875
memory,tiny_object,retain-stringify,bun,,1,7,7,0.007,0.007,0.007,0.00433400000000006,0.004333000000000808,0.0045000000000001705,1.540313847448929,28.3125,28.359375,28.75,10.204833984375
memory,tiny_object,retain-stringify,perry,,200000,7,7,0.00024392499999999998,0.00024323000000000001,0.000245445,0.000243894375,0.00024319458500000004,0.00024542792,27.371357846378174,6.0625,35.203125,35.734375,29.90740966796875
memory,tiny_object,retain-stringify,node,,200000,7,7,8.4255e-05,8.3525e-05,8.481500000000001e-05,6.6234375e-05,6.592917e-05,6.7164375e-05,100.78935922387356,51.0625,71.171875,71.921875,28.68157958984375
memory,tiny_object,retain-stringify,bun,,200000,7,7,4.9245e-05,4.918e-05,4.9515e-05,4.554979e-05,4.549354000000001e-05,4.5847914999999986e-05,146.5587484562223,28.25,47.03125,47.4375,26.548583984375
memory,small_record,retain-parse,perry,,1,109,109,0.024,0.023,0.024,0.018000000000000238,0.018000000000000238,0.01833299999999971,5.775027804904438,4.25,11.625,12.796875,7.79791259765625
memory,small_record,retain-parse,node,,1,109,109,0.381,0.378,0.413,0.02999999999999936,0.028375000000000483,0.031249999999998224,3.465016682942782,50.859375,51.484375,52.359375,13.20831298828125
memory,small_record,retain-parse,bun,,1,109,109,0.014,0.013,0.014,0.010417000000000343,0.009791999999999135,0.011458000000001078,9.978928721155595,28.1875,28.28125,28.65625,10.12664794921875
memory,small_record,retain-parse,perry,,100000,109,109,0.00091553,0.0009117600000000001,0.00091722,0.0009154858300000001,0.0009117070900000001,0.0009172612499999999,113.5468153431509,4.25,55.84375,56.375,50.64190673828125
memory,small_record,retain-parse,node,,100000,109,109,0.00048473999999999994,0.00047343000000000005,0.00048999,0.00040057709,0.00039862917,0.00040125834000000004,259.5018613977181,50.921875,85.421875,86.140625,45.033203125
memory,small_record,retain-parse,bun,,100000,109,109,0.00026315999999999997,0.00026251000000000003,0.00026351,0.00025580209,0.00025506875,0.00025623584,406.3708020848511,28.1875,52.6875,53.078125,32.236083984375
memory,small_record,retain-stringify,perry,,1,109,107,0.021,0.019,0.021,0.015584000000000042,0.015124999999999833,0.015957999999999917,6.547943522553162,6.140625,11.796875,12.953125,7.82916259765625
memory,small_record,retain-stringify,node,,1,109,107,0.362,0.355,0.374,0.009791999999999135,0.00975000000000037,0.00987499999999919,10.42107351465255,51.0,51.609375,52.40625,13.161376953125
memory,small_record,retain-stringify,bun,,1,109,107,0.009,0.008,0.009,0.006083999999999534,0.006041999999998993,0.006292000000000186,16.77237867447018,28.265625,28.3125,28.71875,10.15802001953125
memory,small_record,retain-stringify,perry,,100000,109,107,0.0005549,0.0005543200000000001,0.00055495,0.00055484291,0.00055427042,0.0005548925,183.91359070528404,6.140625,30.609375,38.828125,32.96990966796875
memory,small_record,retain-stringify,node,,100000,109,107,0.00018826000000000002,0.00018376999999999998,0.00019081,0.00015931084,0.00015633374999999997,0.00015977249999999998,640.5286159778503,51.015625,80.25,80.96875,39.0928955078125
memory,small_record,retain-stringify,bun,,100000,109,107,0.00013549,0.00013455999999999999,0.00013615,0.00012787458,0.00012708625000000003,0.00012871875,797.994033336952,28.265625,51.0625,51.46875,30.564208984375
memory,records_array_1m,retain-parse,perry,,1,888597,888597,2.057,2.044,2.074,2.049916000000001,2.0387500000000003,2.0701670000000005,413.398469271738,6.265625,17.21875,18.28125,13.3604736328125
memory,records_array_1m,retain-parse,node,,1,888597,888597,3.949,3.844,4.047,3.273999999999999,3.1910000000000025,3.396375000000001,258.83693846537716,53.6875,57.21875,59.15625,20.335205078125
memory,records_array_1m,retain-parse,bun,,1,888597,888597,2.408,2.402,2.702,2.4053330000000006,2.398332999999999,2.6992499999999993,352.3138528160734,29.328125,31.671875,32.0625,13.50164794921875
memory,records_array_1m,retain-parse,perry,,16,888597,888597,1.8751875,1.87125,1.9375,1.8749791874999997,1.8710390624999997,1.9371146250000004,451.9688230062792,6.265625,40.625,41.765625,36.86053466796875
memory,records_array_1m,retain-parse,node,,16,888597,888597,3.5099375,3.4904375,3.85625,2.89660675,2.8657551875,3.1776536875000003,292.5602988861517,53.703125,87.453125,88.28125,52.80133056640625
memory,records_array_1m,retain-parse,bun,,16,888597,888597,2.1293125,2.12925,2.1346875,2.129046875,2.1289114375000002,2.134375,398.0335738430581,29.296875,55.921875,56.3125,37.78302001953125
memory,records_array_1m,retain-stringify,perry,,1,888597,880997,2.451,2.445,2.464,2.4442909999999998,2.4387499999999998,2.4587079999999997,343.73330005754514,10.90625,19.375,20.453125,15.31365966796875
memory,records_array_1m,retain-stringify,node,,1,888597,880997,1.352,1.329,1.356,0.9062079999999995,0.8967909999999968,0.9377080000000007,927.1427881137195,57.109375,59.375,61.765625,22.8978271484375
memory,records_array_1m,retain-stringify,bun,,1,888597,880997,1.064,1.059,1.071,1.0597499999999993,1.0556249999999991,1.0668749999999996,792.8135991799553,32.5,34.4375,34.828125,16.204833984375
memory,records_array_1m,retain-stringify,perry,,16,888597,880997,2.253125,2.25175,2.26075,2.252953125,2.2515703125,2.2605312499999997,372.9257401797728,10.90625,33.265625,34.34375,29.21990966796875
memory,records_array_1m,retain-stringify,node,,16,888597,880997,1.0000625,0.994875,1.0006875,0.9001693124999999,0.9001432499999997,0.9053645625000002,933.3624242283389,57.09375,75.15625,75.828125,37.681884765625
memory,records_array_1m,retain-stringify,bun,,16,888597,880997,0.989375,0.98925,0.9915625,0.9891406250000001,0.9890573125000001,0.9912943124999999,849.4082544946094,32.484375,47.234375,47.625,29.00164794921875
memory,records_object_1m,retain-parse,perry,,1,888609,888609,4.114,4.105,4.122,4.111041999999999,4.098667000000001,4.116375,206.13839037096713,6.265625,15.28125,16.4375,11.42291259765625
memory,records_object_1m,retain-parse,node,,1,888609,888609,3.841,3.817,3.856,3.1942499999999985,3.165208,3.198166999999998,265.30283497767607,53.6875,57.203125,59.078125,20.27276611328125
memory,records_object_1m,retain-parse,bun,,1,888609,888609,2.41,2.391,2.41,2.4062080000000012,2.3879579999999994,2.4063750000000006,352.19049252077997,29.34375,31.6875,32.078125,13.51727294921875
memory,records_object_1m,retain-parse,perry,,16,888609,888609,5.3455,5.328,5.371625,5.3450885,5.327791625,5.371325500000001,158.54622063366048,6.265625,65.921875,66.453125,60.76690673828125
memory,records_object_1m,retain-parse,node,,16,888609,888609,3.595,3.5663125,3.61125,2.9390989999999997,2.938974,2.9737994375,288.3344795896435,53.640625,87.453125,88.28125,52.8170166015625
memory,records_object_1m,retain-parse,bun,,16,888609,888609,2.1353125,2.1266875,2.135625,2.134966125,2.1265051875,2.13529425,396.9353755565753,29.28125,55.90625,56.296875,37.736083984375
memory,records_object_1m,retain-stringify,perry,,1,888609,881009,2.438,2.437,2.504,2.4319580000000007,2.4316250000000013,2.496708,345.4811537957291,10.90625,19.390625,20.46875,15.3135986328125
memory,records_object_1m,retain-stringify,node,,1,888609,881009,1.353,1.338,1.353,0.9174579999999999,0.9117919999999984,0.926791999999999,915.7865055651092,57.09375,59.359375,61.765625,22.8978271484375
memory,records_object_1m,retain-stringify,bun,,1,888609,881009,1.074,1.068,1.077,1.0701660000000004,1.0655420000000007,1.0726250000000004,785.1077831128569,32.46875,34.40625,34.796875,16.17352294921875
memory,records_object_1m,retain-stringify,perry,,16,888609,881009,2.2626875,2.2555,2.2659375,2.26224475,2.2552421875000004,2.26571875,371.39909632799635,10.90625,33.28125,34.359375,29.21990966796875
memory,records_object_1m,retain-stringify,node,,16,888609,881009,1.0071875,1.0006875,1.0073125,0.9000051874999999,0.8948333124999999,0.9010520625,933.5453478402911,57.1875,75.234375,75.90625,37.6658935546875
memory,records_object_1m,retain-stringify,bun,,16,888609,881009,0.9886875,0.988,0.994875,0.9884140625,0.987638,0.9945625000000001,850.0442149696287,32.5,47.25,47.640625,29.032958984375
memory,records_array_8m,retain-parse,perry,,1,7117930,7117930,16.727,16.627,16.941,16.722041000000004,16.621375,16.933,405.9424939203018,18.53125,47.90625,48.9375,44.048095703125
memory,records_array_8m,retain-parse,node,,1,7117930,7117930,29.102,28.401,29.117,24.504666000000004,23.788417,24.546375,277.0161008102513,72.703125,93.203125,96.65625,59.76458740234375
memory,records_array_8m,retain-parse,bun,,1,7117930,7117930,18.75,18.67,18.772,18.74025,18.662833999999997,18.766375,362.2249984379898,35.21875,52.328125,52.71875,34.14227294921875
memory,records_array_8m,retain-parse,perry,,4,7117930,7117930,16.72475,16.69425,16.797,16.72327075,16.693166499999997,16.796239500000002,405.9126428349872,18.53125,88.234375,88.71875,81.454345703125
memory,records_array_8m,retain-parse,node,,4,7117930,7117930,28.73825,27.3865,28.7645,23.518229249999997,22.249187499999998,23.704427000000003,288.6351244738181,72.703125,145.484375,157.828125,127.55596923828125
memory,records_array_8m,retain-parse,bun,,4,7117930,7117930,22.034,21.68775,22.07025,18.4700625,18.445687500000002,18.612593750000002,367.5237713449826,35.21875,91.796875,92.1875,73.65814208984375
memory,records_array_8m,retain-stringify,perry,,1,7117930,7058930,35.946,35.881,36.04,35.941624999999995,35.873582999999996,36.034083,187.3014990921966,41.046875,74.5,74.953125,69.126220703125
memory,records_array_8m,retain-stringify,node,,1,7117930,7058930,7.928,7.895,7.981,7.375667,7.364042000000005,7.434875000000005,912.7201976864696,99.515625,113.046875,117.28125,80.389892578125
memory,records_array_8m,retain-stringify,bun,,1,7117930,7058930,8.353,8.335,8.451,8.346,8.325584000000003,8.444209,806.6043904037348,59.09375,73.46875,73.859375,55.23602294921875
memory,records_array_8m,retain-stringify,perry,,4,7117930,7058930,22.31175,22.17625,22.31625,22.31007275,22.17502075,22.3183855,301.7435361034208,41.046875,93.796875,94.234375,88.407470703125
memory,records_array_8m,retain-stringify,node,,4,7117930,7058930,8.86425,8.8525,8.97775,7.643427000000001,7.642239499999999,7.6592917499999995,880.7463252163682,99.53125,142.890625,143.640625,107.64337158203125
memory,records_array_8m,retain-stringify,bun,,4,7117930,7058930,9.664,9.664,9.7635,8.3617085,8.268448,8.36178125,805.0890846421602,59.078125,94.546875,94.9375,76.314208984375
memory,records_object_8m,retain-parse,perry,,1,7117942,7117942,32.281,32.22,32.325,32.27475,32.216666000000004,32.317667,210.32536180975333,18.53125,42.28125,55.1875,49.454345703125
memory,records_object_8m,retain-parse,node,,1,7117942,7117942,28.927,28.219,29.451,24.216458,23.707458000000003,24.87,280.3134327517813,72.71875,93.171875,96.5625,59.6551513671875
memory,records_object_8m,retain-parse,bun,,1,7117942,7117942,18.691,18.655,18.696,18.685084,18.647792,18.690165999999998,363.29504705835603,35.234375,52.328125,52.71875,34.157958984375
memory,records_object_8m,retain-parse,perry,,4,7117942,7117942,41.667,41.58375,42.30275,41.6659585,41.5824585,42.301489499999995,162.91953228603478,18.53125,112.265625,112.78125,107.07940673828125
memory,records_object_8m,retain-parse,node,,4,7117942,7117942,26.8565,26.53675,27.8405,22.02122925,21.7193125,23.081687499999997,308.25701844366097,72.671875,145.78125,158.046875,127.91583251953125
memory,records_object_8m,retain-parse,bun,,4,7117942,7117942,21.831,21.74825,22.05375,18.44301025,18.4141145,18.4435625,368.0634765720708,35.234375,91.828125,92.21875,73.657958984375
memory,records_object_8m,retain-stringify,perry,,1,7117942,7058942,36.081,36.048,36.116,36.074749999999995,36.041625,36.108583,186.61062616931144,41.0625,74.625,75.078125,69.235595703125
memory,records_object_8m,retain-stringify,node,,1,7117942,7058942,7.931,7.85,7.958,7.363292000000001,7.307082999999999,7.436834000000005,914.2557006297409,99.40625,112.9375,117.140625,80.2178955078125
memory,records_object_8m,retain-stringify,bun,,1,7117942,7058942,8.369,8.355,8.395,8.361583999999997,8.344625,8.38375,805.1024406860435,59.09375,73.46875,73.859375,55.251708984375
memory,records_object_8m,retain-stringify,perry,,4,7117942,7058942,22.354,22.3295,22.41025,22.352489499999997,22.32773975,22.409312500000006,301.17145056264843,41.0625,93.921875,94.359375,88.516845703125
memory,records_object_8m,retain-stringify,node,,4,7117942,7058942,8.984,8.9695,9.0195,7.6630415,7.648885250000001,7.681833250000002,878.493439765577,99.484375,142.84375,143.578125,107.51812744140625
memory,records_object_8m,retain-stringify,bun,,4,7117942,7058942,9.67175,9.669,9.68975,8.35365625,8.28496875,8.3628855,805.8664954523795,59.09375,94.59375,94.984375,76.361083984375
memory,long_string_1m,retain-parse,perry,,1,1048594,1048594,1.439,1.432,1.442,1.4340830000000002,1.4267089999999993,1.4369160000000005,697.3216795246127,6.703125,14.6875,15.84375,10.8448486328125
memory,long_string_1m,retain-parse,node,,1,1048594,1048594,0.813,0.81,0.818,0.4457500000000021,0.4441670000000002,0.4512090000000022,2243.4484938590927,53.703125,55.3125,56.453125,17.34906005859375
memory,long_string_1m,retain-parse,bun,,1,1048594,1048594,0.126,0.124,0.131,0.11795799999999979,0.11783299999999919,0.1280410000000014,8477.739247339707,29.4375,30.546875,30.921875,12.407958984375
memory,long_string_1m,retain-parse,perry,,32,1048594,1048594,1.50025,1.496375,1.50078125,1.5000546875,1.49617446875,1.5005794375,666.6538056717984,6.703125,55.875,56.390625,49.626220703125
memory,long_string_1m,retain-parse,node,,32,1048594,1048594,0.46903125,0.46703125,0.4705625,0.44733334375,0.4452174375,0.4495989375,2235.507770904224,53.734375,87.921875,88.921875,50.743896484375
memory,long_string_1m,retain-parse,bun,,32,1048594,1048594,0.1436875,0.14225,0.1439375,0.12941668749999996,0.12810546875,0.12964712499999997,7727.111437137468,29.421875,61.609375,62.0,43.454833984375
memory,long_string_1m,retain-stringify,perry,,1,1048594,1048594,1.15,1.144,1.16,1.1462080000000006,1.1414579999999992,1.1539590000000004,872.45697651534,10.84375,20.328125,21.40625,16.3135986328125
memory,long_string_1m,retain-stringify,node,,1,1048594,1048594,0.944,0.943,0.959,0.394874999999999,0.392042,0.39791699999999963,2532.4904492249393,56.40625,59.328125,60.40625,21.20904541015625
memory,long_string_1m,retain-stringify,bun,,1,1048594,1048594,0.154,0.147,0.162,0.150208000000001,0.14341699999999946,0.15904200000000124,6657.549305880436,31.546875,32.609375,33.0,14.439208984375
memory,long_string_1m,retain-stringify,perry,,32,1048594,1048594,1.0384375,1.03790625,1.043875,1.03821484375,1.037765625,1.0437617187500001,963.2083110328728,10.84375,58.734375,59.234375,51.39190673828125
memory,long_string_1m,retain-stringify,node,,32,1048594,1048594,0.1970625,0.1929375,0.2079375,0.17909765624999996,0.17447915625,0.18963671875,5583.641835836116,56.46875,91.0625,92.078125,53.869140625
memory,long_string_1m,retain-stringify,bun,,32,1048594,1048594,0.17328125,0.17128125,0.17371875,0.15871615624999996,0.15678646875000002,0.15939843750000005,6300.663963676952,31.578125,63.734375,64.140625,45.548583984375
memory,unicode_1m,retain-parse,perry,,1,884018,884018,2.023,2.013,2.032,2.0204999999999993,2.0099160000000005,2.02825,417.25575938669664,6.21875,13.859375,15.015625,10.00103759765625
memory,unicode_1m,retain-parse,node,,1,884018,884018,1.289,1.273,1.308,0.7515839999999976,0.7398750000000014,0.7586669999999991,1121.7179474826805,54.40625,56.53125,57.375,18.1617431640625
memory,unicode_1m,retain-parse,bun,,1,884018,884018,0.116,0.113,0.117,0.11283300000000018,0.10966600000000071,0.11341699999999832,7471.796919702737,30.265625,31.265625,31.640625,13.048583984375
memory,unicode_1m,retain-parse,perry,,32,884018,884018,2.0040625,2.0029375,2.0096875,2.0038736875,2.00273696875,2.00969009375,420.7177663441525,6.21875,44.078125,45.203125,40.20428466796875
memory,unicode_1m,retain-parse,node,,32,884018,884018,0.5311875,0.529125,0.531625,0.50921225,0.50748178125,0.5097239687499999,1655.6264344402953,54.375,85.09375,85.84375,47.68157958984375
memory,unicode_1m,retain-parse,bun,,32,884018,884018,0.10421875,0.1014375,0.10709375,0.10410678125,0.10132553124999999,0.10694140624999998,8098.082101071781,30.234375,58.9375,59.328125,40.720458984375
memory,unicode_1m,retain-stringify,perry,,1,884018,884018,1.788,1.781,1.791,1.7834590000000015,1.7755410000000005,1.7858329999999993,472.71356495485435,9.25,17.890625,18.96875,13.8604736328125
memory,unicode_1m,retain-stringify,node,,1,884018,884018,1.255,1.23,1.285,0.6956249999999997,0.6697500000000005,0.7047500000000007,1211.9536558358607,56.921875,59.671875,60.40625,21.1934814453125
memory,unicode_1m,retain-stringify,bun,,1,884018,884018,0.586,0.582,0.618,0.5831660000000003,0.578792,0.6129160000000002,1445.6694351879567,32.125,34.046875,34.453125,15.767333984375
memory,unicode_1m,retain-stringify,perry,,32,884018,884018,1.61540625,1.613875,1.623375,1.61522396875,1.6136640625,1.62319790625,521.9494498297082,9.25,47.859375,48.9375,43.82928466796875
memory,unicode_1m,retain-stringify,node,,32,884018,884018,0.49928125,0.49875,0.49934375,0.4779375,0.47768621874999995,0.4804687500000001,1763.9655014323428,56.8125,87.859375,88.609375,50.35357666015625
memory,unicode_1m,retain-stringify,bun,,32,884018,884018,0.49525,0.4928125,0.497875,0.49511981250000003,0.492694,0.49764453125,1702.7500022347022,32.140625,61.75,62.15625,43.470458984375
tape,records_array_16k,parse,perry,1,5183,13197,13197,0.029030098398610843,0.02900694578429481,0.029075245996527107,0.029029608142002703,0.02900606945784295,0.029074369670075245,433.5449480423134,4.796875,63.3125,63.78125,44.063720703125
tape,records_array_16k,parse,perry,0,5183,13197,13197,0.06627725255643449,0.06625467875747637,0.06628844298668725,0.0662763038780629,0.06625360158209531,0.06628723712135828,189.89652737377622,6.078125,33.5625,34.109375,28.37615966796875
tape,records_array_16k,sparse,perry,0,4324,13197,13197,0.06662604070305272,0.06658325624421832,0.06676618871415356,0.06663063714153562,0.06658166628122109,0.06676489754856613,188.8866817659133,6.21875,33.5,34.046875,28.2979736328125
tape,records_array_16k,sparse,perry,1,4324,13197,13197,0.03547941720629048,0.03543732654949121,0.03548172987974098,0.03547869449583719,0.035436700046253475,0.03548078561517114,354.73796689700595,12.1875,58.5,58.96875,47.40740966796875
tape,records_array_16k,scan,perry,1,2245,13197,13197,5.709729621380847,5.705733184855234,6.341126057906458,5.709761024498887,5.705801503340757,6.341162565256125,2.204232348711626,12.34375,1671.5625,1672.078125,1648.6919555664062
tape,records_array_16k,scan,perry,0,2245,13197,13197,0.06878752783964365,0.06877995545657016,0.06895590200445435,0.06878465122494432,0.06877667037861915,0.06895714565701559,182.97163290767955,6.265625,32.640625,33.171875,27.42303466796875
tape,records_array_16k,roundtrip,perry,1,3801,13197,13197,0.0404869771112865,0.04043225466982373,0.04051933701657459,0.04048529992107341,0.04043139963167588,0.04051832833464877,310.86937674042537,4.984375,71.171875,71.59375,61.65753173828125
tape,records_array_16k,roundtrip,perry,0,3801,13197,13197,0.10259510655090766,0.10253906866614049,0.10287924230465667,0.10259431728492502,0.10253830149960537,0.10287790502499343,122.67385062527812,12.125,33.65625,34.125,28.28240966796875
tape,records_array_1m,parse,perry,1,75,888597,888597,1.90524,1.9052133333333332,1.9104533333333331,1.90543612,1.9051955600000001,1.9103744399999998,444.74444860195285,12.265625,60.65625,61.140625,50.844970703125
tape,records_array_1m,parse,perry,0,75,888597,888597,4.4138,4.4109066666666665,4.4228,4.413730546666667,4.410848333333334,4.422711120000001,191.99906464060007,12.078125,78.71875,79.265625,73.548095703125
tape,records_array_1m,sparse,perry,0,76,888597,888597,4.419631578947368,4.4127368421052635,4.419881578947368,4.419776315789473,4.412677631578947,4.419979710526316,191.73643098367384,12.21875,78.65625,79.203125,73.485595703125
tape,records_array_1m,sparse,perry,1,76,888597,888597,2.020026315789474,2.0185394736842106,2.0201184210526315,2.0200180921052633,2.018459434210526,2.0201398026315793,419.517102271322,21.40625,61.71875,62.1875,51.81365966796875
tape,records_array_1m,scan,perry,0,36,888597,888597,4.958777777777778,4.957027777777778,4.970888888888889,4.958578694444444,4.956824083333334,4.970700222222222,170.90222597154732,12.265625,71.4375,71.96875,66.235595703125
tape,records_array_1m,scan,perry,1,36,888597,888597,6.354,6.353527777777778,6.370666666666667,6.353788194444444,6.353225694444444,6.370461805555554,133.37431318164067,23.671875,132.453125,132.984375,127.2669677734375
tape,records_array_1m,roundtrip,perry,1,55,888597,888597,2.698890909090909,2.6971454545454545,2.7014545454545456,2.698790163636364,2.697030309090909,2.7013931818181813,314.0044557572457,13.859375,68.078125,68.5,55.735595703125
tape,records_array_1m,roundtrip,perry,0,55,888597,888597,6.688872727272726,6.683109090909092,6.693127272727273,6.688821963636364,6.683042418181818,6.693018181818182,126.69377973321625,21.65625,75.328125,75.75,69.72003173828125
tape,records_array_8m,parse,perry,1,8,7117930,7117930,16.67125,16.654125,16.710375,16.670765625,16.65324475,16.709791625,407.1910780628912,54.5625,101.125,101.59375,92.26690673828125
tape,records_array_8m,parse,perry,0,8,7117930,7117930,34.80675,34.776125,34.814125,34.806171875000004,34.775526,34.813432250000005,195.028256809053,74.546875,230.1875,230.703125,225.0953369140625
tape,records_array_8m,sparse,perry,1,7,7117930,7117930,17.880714285714287,17.869714285714284,17.896428571428572,17.879738142857143,17.868506,17.898738142857145,379.65807847635523,60.515625,97.78125,98.25,87.79815673828125
tape,records_array_8m,sparse,perry,0,7,7117930,7117930,34.87228571428572,34.83385714285714,34.966,34.87176185714286,34.83297628571429,34.96538685714285,194.6614299210437,74.640625,211.75,212.265625,206.64215087890625
tape,records_array_8m,scan,perry,0,4,7117930,7117930,35.89625,35.8615,35.99525,35.89410425,35.860322999999994,35.9933855,189.11704773848868,74.6875,156.125,156.640625,150.97015380859375
tape,records_array_8m,scan,perry,1,4,7117930,7117930,47.23775,47.18425,47.25675,47.236052,47.184437500000016,47.2542395,143.70775582551943,88.4375,174.90625,175.40625,169.70452880859375
tape,records_array_8m,roundtrip,perry,0,6,7117930,7117930,53.1935,53.159166666666664,53.232499999999995,53.19241666666667,53.15959733333333,53.23152783333334,127.61569134029203,88.640625,253.078125,253.515625,247.81414794921875
tape,records_array_8m,roundtrip,perry,1,6,7117930,7117930,22.992333333333335,22.989333333333335,23.0635,22.991472166666668,22.988680666666664,23.06232633333333,295.24803708825306,72.328125,124.9375,125.359375,109.90753173828125
tape,records_array_20m,parse,perry,0,3,17765930,17765930,86.14633333333335,86.14266666666667,86.18533333333333,86.14865266666668,86.141097,86.18704166666669,196.67064572243711,178.4375,314.015625,314.53125,308.954833984375
tape,records_array_20m,parse,perry,1,3,17765930,17765930,42.625,42.589333333333336,42.627,42.6235,42.58745833333333,42.625625,397.5016398951585,131.578125,163.15625,163.640625,154.7044677734375
tape,records_array_20m,sparse,perry,1,3,17765930,17765930,45.64166666666667,45.49,45.99,45.638735999999994,45.486124999999994,45.98712500000001,371.23971067190143,134.78125,163.3125,163.796875,155.4700927734375
tape,records_array_20m,sparse,perry,0,3,17765930,17765930,86.46666666666665,86.41199999999999,86.47433333333333,86.466236,86.40974999999999,86.47280533333334,195.94829070703724,178.515625,313.953125,314.46875,308.892333984375
tape,records_array_20m,scan,perry,0,1,17765930,17765930,88.299,88.041,88.777,88.29850000000002,88.03387499999997,88.76945800000001,191.8822080564368,178.546875,203.6875,204.21875,198.56396484375
tape,records_array_20m,scan,perry,1,1,17765930,17765930,121.912,121.461,122.112,121.90499999999997,121.452833,122.10508300000004,138.98454655732982,188.65625,247.953125,248.421875,242.31402587890625
tape,records_array_20m,roundtrip,perry,0,2,17765930,17765930,141.6985,141.536,142.0275,141.69989599999997,141.53306250000003,142.02324999999996,119.56897377025099,159.859375,162.0,162.421875,150.5794677734375
tape,records_array_20m,roundtrip,perry,1,2,17765930,17765930,58.2555,58.123,58.3185,58.25181249999999,58.120708,58.31525000000001,290.8563771826206,160.9375,220.984375,221.40625,212.47015380859375
