crate	file:line	category	pattern	scope	snippet
perry-ext-http	perry-ext-http/src/server/http2_server/session.rs:310	borrow-unscoped	&'static/raw borrow, lifetime unchecked	prod	let data = js_value_buffer_or_typedarray_data(f64::from_bits(value.bits()), &mut len);
perry-ext-net	perry-ext-net/src/tls.rs:147	borrow-unscoped	&'static/raw borrow, lifetime unchecked	prod	let data = js_value_buffer_or_typedarray_data(value, &mut len);
perry-runtime	perry-runtime/src/bun_compat/mod.rs:192	borrow-unscoped	&'static/raw borrow, lifetime unchecked	prod	crate::buffer::js_value_buffer_or_typedarray_data(value, &mut binary_len as *mut u32)
perry-runtime	perry-runtime/src/node_vm.rs:527	borrow-unscoped	&'static/raw borrow, lifetime unchecked	prod	let ptr = unsafe { crate::buffer::js_value_buffer_or_typedarray_data(value, &mut len) };
perry-runtime	perry-runtime/src/os_process_stream_write.rs:53	borrow-unscoped	&'static/raw borrow, lifetime unchecked	prod	let data = unsafe { crate::buffer::js_value_buffer_or_typedarray_data(chunk, &mut len) };
perry-runtime	perry-runtime/src/tls.rs:302	borrow-unscoped	&'static/raw borrow, lifetime unchecked	prod	let data = unsafe { crate::buffer::js_value_buffer_or_typedarray_data(value, &mut len) };
perry-runtime	perry-runtime/src/bigint/convert.rs:406	creation	buffer_alloc	prod	let result = crate::buffer::buffer_alloc(length as u32);
perry-runtime	perry-runtime/src/builtins/globals.rs:616	creation	buffer_alloc	prod	let backing = crate::buffer::buffer_alloc(src_len);
perry-runtime	perry-runtime/src/builtins/globals.rs:637	creation	buffer_alloc	prod	let dst = crate::buffer::buffer_alloc(src_len);
perry-runtime	perry-runtime/src/bun_ffi/memory.rs:147	creation	buffer_alloc	prod	let buffer = crate::buffer::buffer_alloc(length);
perry-runtime	perry-runtime/src/fs/dir_glob_watch/watch.rs:385	creation	js_buffer_alloc	prod	let buf = crate::buffer::js_buffer_alloc(bytes.len() as i32, 0);
perry-runtime	perry-runtime/src/fs/dirent.rs:294	creation	js_buffer_alloc	prod	let buf = crate::buffer::js_buffer_alloc(bytes.len() as i32, 0);
perry-runtime	perry-runtime/src/fs/filehandle.rs:1277	creation	js_buffer_alloc	prod	let buf = crate::buffer::js_buffer_alloc(bytes.len() as i32, 0);
perry-runtime	perry-runtime/src/fs/filehandle.rs:390	creation	buffer_alloc	prod	let buf = crate::buffer::buffer_alloc(bytes.len() as u32);
perry-runtime	perry-runtime/src/node_api_host/buffers.rs:83	creation	buffer_alloc	prod	let buffer = crate::buffer::buffer_alloc(length);
perry-runtime	perry-runtime/src/node_submodules/consumers.rs:31	creation	buffer_alloc	prod	let buf = crate::buffer::buffer_alloc(bytes.len() as u32);
perry-runtime	perry-runtime/src/node_vm.rs:583	creation	buffer_alloc	prod	let buf = crate::buffer::buffer_alloc(bytes.len() as u32);
perry-runtime	perry-runtime/src/object/buffer_dispatch.rs:466	creation	buffer_alloc	prod	let out = crate::buffer::buffer_alloc(len);
perry-runtime	perry-runtime/src/object/buffer_dispatch.rs:868	creation	buffer_alloc	prod	let out = crate::buffer::buffer_alloc(bytes.len() as u32);
perry-runtime	perry-runtime/src/object/native_module_crypto_key_object.rs:76	creation	buffer_alloc	prod	let out = crate::buffer::buffer_alloc(len as u32);
perry-runtime	perry-runtime/src/object/typed_array_proto_thunks.rs:351	creation	buffer_alloc	prod	let out = crate::buffer::buffer_alloc(len as u32);
perry-runtime	perry-runtime/src/os_process_streams.rs:647	creation	buffer_alloc	prod	let buf = crate::buffer::buffer_alloc(chunk.len() as u32);
perry-runtime	perry-runtime/src/text.rs:415	creation	buffer_alloc	prod	let buf = buffer_alloc(len as u32);
perry-runtime	perry-runtime/src/thread/clone_read.rs:470	creation	buffer_alloc	prod	let buffer = crate::buffer::buffer_alloc(len);
perry-runtime	perry-runtime/src/atomics.rs:176	pointer-kept-across-gc	SAB data addr stashed for Atomics.wait	prod	crate::buffer::buffer_data(*ptr as *const crate::buffer::BufferHeader) as usize;
perry-runtime	perry-runtime/src/typedarray/mod.rs:287	pointer-kept-across-gc	INLINE_OWNING_U32_CACHE address cache	prod	static INLINE_OWNING_U32_CACHE
perry-runtime	perry-runtime/src/bigint/convert.rs:408	size-assumption	header length write	prod	(*result).length = length as u32;
perry-runtime	perry-runtime/src/builtins/globals.rs:618	size-assumption	header length write	prod	(*backing).length = src_len;
perry-runtime	perry-runtime/src/builtins/globals.rs:639	size-assumption	header length write	prod	(*dst).length = src_len;
perry-runtime	perry-runtime/src/bun_ffi/memory.rs:153	size-assumption	header length write	prod	(*buffer).length = length;
perry-runtime	perry-runtime/src/fs/dirent.rs:299	size-assumption	header length write	prod	(*buf).length = bytes.len() as u32;
perry-runtime	perry-runtime/src/fs/filehandle.rs:1285	size-assumption	header length write	prod	(*buf).length = bytes.len() as u32;
perry-runtime	perry-runtime/src/fs/filehandle.rs:393	size-assumption	header length write	prod	(*buf).length = bytes.len() as u32;
perry-runtime	perry-runtime/src/node_api_host/buffers.rs:84	size-assumption	header length write	prod	(*buffer).length = length;
perry-runtime	perry-runtime/src/node_submodules/consumers.rs:33	size-assumption	header length write	prod	(*buf).length = bytes.len() as u32;
perry-runtime	perry-runtime/src/node_vm.rs:585	size-assumption	header length write	prod	(*buf).length = bytes.len() as u32;
perry-runtime	perry-runtime/src/object/buffer_dispatch.rs:467	size-assumption	header length write	prod	(*out).length = len;
perry-runtime	perry-runtime/src/object/buffer_dispatch.rs:875	size-assumption	header length write	prod	(*out).length = bytes.len() as u32;
perry-runtime	perry-runtime/src/object/native_module_crypto_key_object.rs:87	size-assumption	header length write	prod	(*out).length = len as u32;
perry-runtime	perry-runtime/src/object/typed_array_proto_thunks.rs:353	size-assumption	header length write	prod	(*out).length = len as u32;
perry-runtime	perry-runtime/src/os_process_streams.rs:663	size-assumption	header length write	prod	(*buf).length = chunk.len() as u32;
perry-runtime	perry-runtime/src/text.rs:417	size-assumption	header length write	prod	(*buf).length = len as u32;
perry-runtime	perry-runtime/src/thread/clone_read.rs:471	size-assumption	header length write	prod	(*buffer).length = len;
perry-stdlib	perry-stdlib/src/tls.rs:826	borrow-unscoped	&'static/raw borrow, lifetime unchecked	prod	let data = perry_runtime::buffer::js_value_buffer_or_typedarray_data(value, &mut len);
perry-stdlib	perry-stdlib/src/tls/module_api.rs:250	borrow-unscoped	&'static/raw borrow, lifetime unchecked	prod	perry_runtime::buffer::js_value_buffer_or_typedarray_data(protocols, &mut length);
perry-stdlib	perry-stdlib/src/crypto/random.rs:58	creation	buffer_alloc	prod	return perry_runtime::buffer::buffer_alloc(0);
perry-stdlib	perry-stdlib/src/crypto/random.rs:61	creation	buffer_alloc	prod	let buf = perry_runtime::buffer::buffer_alloc(size as u32);
perry-stdlib	perry-stdlib/src/crypto/util.rs:84	creation	buffer_alloc	prod	let buf = perry_runtime::buffer::buffer_alloc(bytes.len() as u32);
perry-stdlib	perry-stdlib/src/querystring.rs:202	creation	buffer_alloc	prod	let buf = buffer_alloc(bytes.len() as u32);
perry-stdlib	perry-stdlib/src/sqlite/bind.rs:439	creation	buffer_alloc	prod	let buf = buffer_alloc(len as u32);
perry-stdlib	perry-stdlib/src/sqlite/bind.rs:547	creation	buffer_alloc	prod	let buf = buffer_alloc(len as u32);
perry-stdlib	perry-stdlib/src/sqlite/node_db.rs:428	creation	buffer_alloc	prod	let buffer = buffer_alloc(len as u32);
perry-stdlib	perry-stdlib/src/sqlite/node_stmt_session.rs:314	creation	buffer_alloc	prod	let buffer = buffer_alloc(len as u32);
perry-stdlib	perry-stdlib/src/streams.rs:863	creation	buffer_alloc	prod	let buf = perry_runtime::buffer::buffer_alloc(bytes.len() as u32);
perry-stdlib	perry-stdlib/src/string_decoder.rs:911	creation	buffer_alloc	prod	let buf = perry_runtime::buffer::buffer_alloc(4);
perry-stdlib	perry-stdlib/src/tls/module_api.rs:269	creation	js_buffer_alloc	prod	let buffer = perry_runtime::buffer::js_buffer_alloc(encoded.len() as i32, 0);
perry-stdlib	perry-stdlib/src/webcrypto/util.rs:950	creation	js_buffer_alloc_unsafe	prod	let buf = js_buffer_alloc_unsafe(i32::try_from(bytes.len()).unwrap_or(-1));
perry-stdlib	perry-stdlib/src/crypto/random.rs:63	size-assumption	header length write	prod	(*buf).length = size as u32;
perry-stdlib	perry-stdlib/src/crypto/util.rs:88	size-assumption	header length write	prod	(*buf).length = bytes.len() as u32;
perry-stdlib	perry-stdlib/src/querystring.rs:206	size-assumption	header length write	prod	(*buf).length = bytes.len() as u32;
perry-stdlib	perry-stdlib/src/sqlite/bind.rs:440	size-assumption	header length write	prod	(*buf).length = len as u32;
perry-stdlib	perry-stdlib/src/sqlite/bind.rs:548	size-assumption	header length write	prod	(*buf).length = len as u32;
perry-stdlib	perry-stdlib/src/sqlite/node_db.rs:429	size-assumption	header length write	prod	(*buffer).length = len as u32;
perry-stdlib	perry-stdlib/src/sqlite/node_stmt_session.rs:315	size-assumption	header length write	prod	(*buffer).length = len as u32;
perry-stdlib	perry-stdlib/src/streams.rs:865	size-assumption	header length write	prod	(*buf).length = bytes.len() as u32;
perry-stdlib	perry-stdlib/src/string_decoder.rs:915	size-assumption	header length write	prod	(*buf).length = 4;
perry-stdlib	perry-stdlib/src/webcrypto/util.rs:954	size-assumption	header length write	prod	(*buf).length = bytes.len() as u32;
perry-runtime	perry-runtime/src/fs/filehandle.rs:1356	creation	js_buffer_alloc	prod	let buf = crate::buffer::js_buffer_alloc(16 * 1024, 0);
perry-stdlib	perry-stdlib/src/crypto/kdf.rs:173	creation	buffer_alloc	prod	return perry_runtime::buffer::buffer_alloc(0);
perry-stdlib	perry-stdlib/src/crypto/kdf.rs:196	creation	buffer_alloc	prod	perry_runtime::buffer::buffer_alloc(0)
perry-updater	perry-updater/src/core.rs:435	creation	buffer_alloc	prod	let out = perry_runtime::buffer::buffer_alloc(32);
perry-updater	perry-updater/src/core.rs:439	size-assumption	header length write	prod	(*out).length = 32;
perry-stdlib	perry-stdlib/src/crypto/sign.rs:51	creation	buffer_alloc	prod	Err(_) => return perry_runtime::buffer::buffer_alloc(0),
