phase,fixture,operation,engine,iterations,cpu_us,cpu_min_us,cpu_max_us,wall_us,rss_before_mib,rss_after_mib,peak_rss_mib,peak_footprint_mib
timing,null,parse,baseline,2000000,0.248526,0.2484575,0.2485605,0.24852293749999996,4.859375,12.296875,13.625,7.81353759765625
timing,null,parse,perry,2000000,0.251313,0.25129,0.2516445,0.251315375,4.703125,12.265625,13.515625,7.81353759765625
timing,null,parse,bun,2000000,0.019309,0.019007,0.019364,0.017299792,28.5,35.265625,35.65625,12.78289794921875
timing,null,parse,node,2000000,0.027398,0.0273495,0.0273995,0.0266862085,52.15625,56.71875,57.53125,13.567626953125
timing,null,stringify,node,2000000,0.027289,0.0272535,0.0273825,0.026405479,52.40625,58.953125,59.625,15.59954833984375
timing,null,stringify,perry,2000000,0.063699,0.0636735,0.063708,0.06369752100000001,6.953125,34.359375,34.890625,27.90740966796875
timing,null,stringify,baseline,2000000,0.0658245,0.0658175,0.0659385,0.06582093750000001,7.078125,34.203125,34.78125,27.90740966796875
timing,null,stringify,bun,2000000,0.028622,0.02852,0.0288825,0.026441541499999995,28.796875,129.296875,129.703125,106.7987060546875
timing,string_a,parse,baseline,2000000,0.253265,0.253199,0.253281,0.2532673335,4.859375,12.296875,13.625,7.81353759765625
timing,string_a,parse,node,2000000,0.031751,0.0317455,0.0317555,0.031054125000000005,52.15625,56.75,57.5625,13.61456298828125
timing,string_a,parse,perry,2000000,0.255393,0.255377,0.255569,0.25539127100000003,4.71875,12.265625,13.515625,7.81353759765625
timing,string_a,parse,bun,2000000,0.022624,0.0225795,0.022654,0.020455208,28.53125,35.65625,36.046875,13.1422119140625
timing,string_a,stringify,bun,2000000,0.0286205,0.0285815,0.0293865,0.026423896000000002,28.8125,129.296875,129.703125,106.7987060546875
timing,string_a,stringify,baseline,2000000,0.073006,0.072982,0.073168,0.07300345849999999,7.078125,34.171875,34.75,27.87615966796875
timing,string_a,stringify,node,2000000,0.030095,0.030051,0.0300995,0.029189208499999997,52.390625,58.859375,59.515625,15.44317626953125
timing,string_a,stringify,perry,2000000,0.071926,0.0718205,0.0719555,0.07192283349999999,6.953125,34.34375,34.875,27.89178466796875
timing,empty_object,parse,perry,2000000,0.32579,0.3257385,0.325859,0.3257870835,6.4375,34.109375,34.640625,27.71990966796875
timing,empty_object,parse,baseline,2000000,0.324273,0.324066,0.324434,0.32427008350000003,6.609375,33.96875,34.546875,27.73553466796875
timing,empty_object,parse,bun,2000000,0.0241515,0.02413,0.0242535,0.02157325,28.828125,68.640625,69.03125,46.17352294921875
timing,empty_object,parse,node,2000000,0.0452255,0.0452055,0.0452795,0.0442908125,52.5625,58.859375,59.5,15.5369873046875
timing,empty_object,stringify,baseline,2000000,0.136584,0.13649,0.136627,0.1365824375,12.75,34.25,34.828125,27.90740966796875
timing,empty_object,stringify,bun,2000000,0.0297745,0.029718,0.0299615,0.027580583,28.796875,129.28125,129.6875,106.79876708984375
timing,empty_object,stringify,node,2000000,0.0320375,0.0320045,0.0320535,0.031132708500000005,52.484375,58.9375,59.59375,15.5369873046875
timing,empty_object,stringify,perry,2000000,0.134846,0.134385,0.13558,0.1348444375,12.78125,34.421875,34.953125,27.92303466796875
timing,tiny_object,parse,perry,2000000,0.3642995,0.3641645,0.3643235,0.3642965835,6.515625,34.125,34.65625,27.73553466796875
timing,tiny_object,parse,baseline,2000000,0.366447,0.366422,0.366555,0.366448896,6.65625,33.96875,34.546875,27.73553466796875
timing,tiny_object,parse,bun,2000000,0.045417,0.0452265,0.0455205,0.0428963335,28.828125,68.59375,68.984375,46.111083984375
timing,tiny_object,parse,node,2000000,0.0821615,0.0815785,0.082333,0.0812813125,52.390625,58.8125,59.5,15.52142333984375
timing,tiny_object,stringify,node,2000000,0.0372205,0.0372165,0.037277,0.036339771,52.453125,58.90625,59.5625,15.52154541015625
timing,tiny_object,stringify,bun,2000000,0.039576,0.039298,0.039698,0.0374165,28.796875,129.28125,129.6875,106.7830810546875
timing,tiny_object,stringify,baseline,2000000,0.1962725,0.1960725,0.1965025,0.1962691875,12.828125,34.28125,34.859375,27.89178466796875
timing,tiny_object,stringify,perry,2000000,0.196511,0.1963345,0.19658,0.19651033350000005,12.859375,34.421875,34.953125,27.89178466796875
timing,small_record,parse,baseline,507292,0.8105469828028039,0.8102572088658997,0.8112250932401851,0.8105604523627418,8.046875,34.34375,34.921875,28.0792236328125
timing,small_record,parse,bun,507292,0.25481182435362676,0.25368821112889617,0.25489855940957085,0.24450538348722234,29.453125,79.421875,79.8125,56.579833984375
timing,small_record,parse,node,507292,0.3489686413347737,0.34396363435654415,0.3565756999913265,0.34611476230652166,55.015625,58.875,59.53125,15.52142333984375
timing,small_record,parse,perry,507292,0.7522353989418323,0.7505144965818503,0.7571733833768323,0.7522298143869803,7.875,34.515625,35.046875,28.11053466796875
timing,small_record,stringify,baseline,1281826,0.5631583381831855,0.5631208916030724,0.5632581957301537,0.5631564533719865,13.359375,35.265625,35.84375,28.86053466796875
timing,small_record,stringify,bun,1281826,0.12070749072026937,0.12032834409662466,0.12087522019369244,0.11713036714811527,29.40625,255.53125,255.9375,232.67388916015625
timing,small_record,stringify,perry,1281826,0.5467660977386947,0.5465281559275595,0.5469385080346318,0.5467700631755013,13.390625,35.453125,35.984375,28.87615966796875
timing,small_record,stringify,node,1281826,0.1082463610505638,0.10822685762342159,0.10836962271010261,0.10683574291674534,53.515625,58.984375,59.59375,15.52142333984375
timing,object_1k,parse,perry,556371,0.5879925445431196,0.5877840505705725,0.5885964581187733,0.5879834085529261,11.53125,34.546875,35.078125,28.15740966796875
timing,object_1k,parse,baseline,556371,1.7593134796745338,1.759184069622608,1.7616752131221793,1.7593164003875112,11.6875,34.390625,34.96875,28.1417236328125
timing,object_1k,parse,bun,556371,0.23686712643182337,0.23662448258446253,0.2371043781936873,0.22564057975703264,34.15625,70.671875,71.0625,48.189208984375
timing,object_1k,parse,node,556371,0.5403211166649592,0.5397459608786224,0.5415073754742789,0.5360854825287442,55.796875,61.0625,61.734375,17.9598388671875
timing,object_1k,stringify,node,648473,0.1988348011405255,0.19817324699717642,0.1991447600748219,0.19500644745425022,54.5625,61.046875,61.703125,17.8660888671875
timing,object_1k,stringify,baseline,648473,1.1353734079907722,1.1342985752683612,1.1372300774280502,1.1353676251748337,17.921875,35.4375,36.015625,29.04803466796875
timing,object_1k,stringify,perry,648473,0.38514016774792476,0.38493661262689427,0.3857462068582655,0.3851321997986038,17.953125,35.578125,36.109375,29.04803466796875
timing,object_1k,stringify,bun,648473,0.21510378998046178,0.2143466266135984,0.21525799840548487,0.20532055151101125,33.875,70.328125,70.734375,47.782958984375
timing,records_array_16k,parse,bun,6678,33.970200658879904,33.96825396825397,33.98502545672357,33.82067355495657,28.328125,70.0,70.390625,51.65802001953125
timing,records_array_16k,parse,baseline,6678,30.394279724468404,30.286762503743635,30.491464510332435,30.394741389637613,5.359375,64.328125,64.90625,44.048095703125
timing,records_array_16k,parse,node,6678,39.70365378855945,39.271039233303384,39.848757112908054,39.38125801138066,52.328125,65.0625,65.734375,22.4931640625
timing,records_array_16k,parse,perry,6678,23.797843665768195,23.75905959868224,23.929469901168016,23.79721353698712,5.25,64.484375,65.03125,44.048095703125
timing,records_array_16k,stringify,bun,9600,23.223958333333332,23.202395833333334,23.26,23.1526996875,28.4375,70.59375,70.96875,52.22052001953125
timing,records_array_16k,stringify,node,9600,13.226145833333334,13.1703125,13.271041666666667,13.009223125000002,52.375,61.046875,61.671875,17.85064697265625
timing,records_array_16k,stringify,perry,9600,35.89052083333333,35.876666666666665,35.922916666666666,35.890269062499996,12.765625,35.8125,36.28125,29.15740966796875
timing,records_array_16k,stringify,baseline,9600,37.633541666666666,37.6065625,37.841875,37.633081562499996,12.75,35.640625,36.1875,29.17303466796875
timing,records_array_1m,parse,node,91,2882.153846153846,2703.736263736264,2953.021978021978,2766.9162087912086,61.296875,91.53125,92.828125,56.552734375
timing,records_array_1m,parse,perry,91,1542.043956043956,1541.8791208791208,1543.076923076923,1541.9807692307695,12.71875,61.75,62.3125,50.81365966796875
timing,records_array_1m,parse,baseline,91,1971.032967032967,1966.978021978022,1973.5604395604396,1970.9981758241756,12.84375,61.609375,62.203125,50.829345703125
timing,records_array_1m,parse,bun,91,2143.923076923077,2139.6483516483518,2144.21978021978,2102.6098901098903,33.171875,78.734375,79.125,60.31427001953125
timing,records_array_1m,stringify,bun,177,968.2090395480226,968.0282485875706,968.8983050847457,961.6104067796609,35.1875,99.875,100.265625,81.31427001953125
timing,records_array_1m,stringify,node,177,843.5819209039548,842.9943502824859,847.3898305084746,811.8691129943502,62.359375,95.6875,109.25,71.49884033203125
timing,records_array_1m,stringify,perry,177,2226.3785310734465,2223.5254237288136,2235.64406779661,2226.3658192090397,21.015625,60.84375,61.359375,53.37615966796875
timing,records_array_1m,stringify,baseline,177,2358.0677966101694,2347.1129943502824,2384.9322033898306,2358.028480225989,20.96875,59.859375,60.421875,52.141845703125
timing,records_object_1m,parse,baseline,71,4547.788732394366,4541.0,4555.633802816901,4547.700704225353,12.703125,79.46875,80.0625,73.26690673828125
timing,records_object_1m,parse,bun,71,2132.5774647887324,2131.9295774647885,2139.830985915493,2096.5228873239435,33.15625,75.5,75.890625,57.06414794921875
timing,records_object_1m,parse,node,71,2792.169014084507,2640.478873239437,2806.056338028169,2666.723591549295,61.3125,91.609375,92.953125,56.67779541015625
timing,records_object_1m,parse,perry,71,4027.7323943661972,4022.4647887323945,4028.9295774647885,4027.6602112676064,12.5,79.625,80.15625,73.235595703125
timing,records_object_1m,stringify,baseline,177,2362.6610169491523,2356.237288135593,2377.6045197740114,2362.641711864407,20.984375,59.875,60.4375,52.141845703125
timing,records_object_1m,stringify,node,177,842.2542372881356,841.2316384180791,844.4689265536723,814.404429378531,62.390625,95.59375,109.15625,71.29541015625
timing,records_object_1m,stringify,perry,177,2224.3954802259886,2222.2033898305085,2235.508474576271,2224.3667627118643,21.015625,60.8125,61.328125,53.376220703125
timing,records_object_1m,stringify,bun,177,970.3276836158192,967.5762711864406,971.0564971751412,963.626649717514,35.203125,99.84375,100.234375,81.01739501953125
timing,records_array_8m,parse,bun,10,20769.6,20739.9,20822.5,17827.1916,64.90625,131.21875,131.609375,112.11126708984375
timing,records_array_8m,parse,perry,10,13814.3,13789.8,13823.8,13813.816700000001,55.015625,102.203125,102.75,92.26690673828125
timing,records_array_8m,parse,baseline,10,17148.1,17138.0,17150.9,17147.412500000002,55.140625,102.0625,102.640625,92.18878173828125
timing,records_array_8m,parse,node,10,33726.9,33142.6,33924.2,22118.575000000004,119.40625,240.75,243.953125,221.13482666015625
timing,records_array_8m,stringify,bun,20,8439.55,8432.85,8561.65,7760.50625,80.640625,169.34375,169.734375,150.830078125
timing,records_array_8m,stringify,baseline,20,19858.4,19837.8,19894.9,19858.366650000004,78.796875,195.484375,196.0,188.89208984375
timing,records_array_8m,stringify,perry,20,18854.75,18841.3,18897.75,18854.38545,78.96875,195.671875,196.125,188.90765380859375
timing,records_array_8m,stringify,node,20,6823.45,6764.45,6839.15,6654.933350000001,123.78125,184.46875,186.125,149.14373779296875
timing,records_object_8m,parse,perry,8,31341.125,31324.875,31389.25,31340.692750000002,75.59375,231.265625,231.796875,225.0328369140625
timing,records_object_8m,parse,baseline,8,35049.875,35046.0,35086.625,35049.1355,75.609375,231.234375,231.8125,225.0484619140625
timing,records_object_8m,parse,node,8,30315.625,29364.5,30692.875,22341.427000000003,119.5625,224.09375,225.6875,200.64288330078125
timing,records_object_8m,parse,bun,8,21791.25,21532.875,21851.25,17957.338499999998,64.921875,110.9375,111.328125,92.26739501953125
timing,records_object_8m,stringify,baseline,20,19859.45,19846.25,19864.6,19859.6542,78.84375,195.515625,196.03125,188.90771484375
timing,records_object_8m,stringify,node,20,6785.45,6734.6,6805.6,6640.21875,123.703125,184.375,185.875,149.034912109375
timing,records_object_8m,stringify,perry,20,18828.9,18826.75,18830.1,18828.45625,78.96875,195.65625,196.109375,188.90771484375
timing,records_object_8m,stringify,bun,20,8463.4,8459.8,8582.8,7783.4917000000005,80.671875,169.453125,169.84375,150.92376708984375
timing,records_array_20m,parse,baseline,3,87776.33333333333,87639.0,87991.33333333333,87774.0,179.453125,315.25,315.828125,309.095458984375
timing,records_array_20m,parse,perry,3,78684.66666666667,78642.33333333333,78927.0,78683.375,179.40625,315.25,315.78125,309.048583984375
timing,records_array_20m,parse,bun,3,56900.666666666664,52872.0,57061.333333333336,44203.541666666664,120.03125,187.734375,188.125,168.580078125
timing,records_array_20m,parse,node,3,96424.66666666667,96146.33333333333,96689.33333333333,59889.52766666666,223.40625,322.875,326.21875,306.06695556640625
timing,records_array_20m,stringify,bun,8,20780.125,20722.0,20848.375,19442.916625,168.90625,304.390625,304.765625,285.98675537109375
timing,records_array_20m,stringify,baseline,8,101772.5,101745.125,101814.875,101776.31775,168.28125,168.34375,171.328125,161.98583984375
timing,records_array_20m,stringify,node,8,17327.75,17310.75,17389.375,17191.66675,255.8125,391.5,392.171875,359.59765625
timing,records_array_20m,stringify,perry,8,97970.875,97751.75,98457.375,97970.78125000001,168.484375,168.5,171.375,161.95458984375
timing,records_object_20m,parse,bun,3,56588.666666666664,56448.333333333336,56611.666666666664,44306.444333333326,120.015625,187.640625,188.03125,169.189453125
timing,records_object_20m,parse,perry,3,78275.66666666667,78213.66666666667,78353.0,78274.347,179.40625,315.25,315.78125,309.048583984375
timing,records_object_20m,parse,node,3,95968.0,94528.0,96486.33333333333,59025.40266666667,223.375,322.828125,326.21875,305.957275390625
timing,records_object_20m,parse,baseline,3,87357.00000000001,87218.33333333333,87434.66666666667,87354.72233333332,179.4375,315.25,315.828125,309.095458984375
timing,records_object_20m,stringify,bun,8,20877.25,20801.0,21002.5,19493.531250000004,169.0625,304.484375,304.859375,286.0804443359375
timing,records_object_20m,stringify,node,8,17326.5,17312.5,17369.125,17179.166625,255.765625,391.484375,392.171875,359.69171142578125
timing,records_object_20m,stringify,baseline,8,101723.625,101621.625,101898.25,101722.56250000001,168.296875,168.359375,171.328125,161.98583984375
timing,records_object_20m,stringify,perry,8,98155.125,97990.375,98199.75,98157.00524999999,168.484375,168.5,171.359375,161.92327880859375
timing,numbers_1m,parse,baseline,96,2265.3333333333335,2260.8333333333335,2266.5416666666665,2265.26865625,12.71875,63.890625,64.46875,53.32928466796875
timing,numbers_1m,parse,node,96,3121.2708333333335,3120.5208333333335,3122.5104166666665,3075.4032083333336,60.5625,76.671875,91.265625,52.33770751953125
timing,numbers_1m,parse,perry,96,1575.0416666666667,1573.8854166666667,1577.1145833333333,1575.0217083333334,12.625,64.0,64.546875,53.32928466796875
timing,numbers_1m,parse,bun,96,3209.7604166666665,3206.125,3210.1979166666665,3203.1940104166665,33.296875,67.75,68.15625,49.236083984375
timing,numbers_1m,stringify,bun,76,2951.0,2947.8684210526317,2951.684210526316,2943.410092105263,35.421875,69.84375,70.21875,51.501708984375
timing,numbers_1m,stringify,perry,76,7918.434210526316,7913.289473684211,8157.973684210527,7918.391447368423,16.171875,60.0,60.5,52.329345703125
timing,numbers_1m,stringify,baseline,76,7906.565789473684,7904.078947368421,7922.710526315789,7906.5186447368405,16.359375,59.8125,60.359375,52.31365966796875
timing,numbers_1m,stringify,node,76,1931.3026315789473,1930.8947368421052,1934.407894736842,1922.6995657894738,63.109375,80.703125,81.90625,42.16424560546875
timing,long_string_1m,parse,baseline,1053,1440.0816714150048,1439.9363722697055,1442.292497625831,1440.1253162393161,10.921875,60.21875,60.8125,52.43878173828125
timing,long_string_1m,parse,perry,1053,204.02374169040834,203.93257359924027,204.52136752136752,204.01962678062677,10.75,62.375,62.953125,54.39190673828125
timing,long_string_1m,parse,bun,1053,68.65432098765432,68.52801519468186,69.05603038936373,67.32601329534663,31.484375,152.953125,153.34375,134.6893310546875
timing,long_string_1m,parse,node,1053,370.5175688509022,370.30579297245964,371.1424501424501,366.4181699905034,57.703125,150.953125,151.828125,114.4237060546875
timing,long_string_1m,stringify,bun,1058,97.80151228733459,96.19754253308129,98.18336483931947,96.39496691871456,33.546875,155.140625,155.546875,136.81439208984375
timing,long_string_1m,stringify,baseline,1058,980.6550094517958,980.4253308128544,981.8024574669188,980.6492589792061,22.078125,63.328125,63.921875,56.22003173828125
timing,long_string_1m,stringify,perry,1058,206.6984877126654,205.74291115311908,207.08223062381853,206.69655860113423,22.140625,64.484375,65.046875,57.2513427734375
timing,long_string_1m,stringify,node,1058,107.32325141776937,106.69187145557656,108.29206049149339,102.99121739130435,61.171875,154.0625,154.90625,117.40802001953125
timing,escaped_1m,parse,node,83,1733.698795180723,1732.4096385542168,1734.8915662650602,1725.264060240964,57.234375,72.78125,74.0,34.47735595703125
timing,escaped_1m,parse,bun,83,2083.9638554216867,2082.1807228915663,2084.7831325301204,2078.4387469879516,32.703125,64.46875,64.859375,46.25164794921875
timing,escaped_1m,parse,perry,83,2038.2289156626507,2035.6746987951808,2038.313253012048,2038.1526024096386,12.0625,57.765625,58.3125,49.782470703125
timing,escaped_1m,parse,baseline,83,2612.626506024096,2608.277108433735,2613.0,2612.529626506024,12.25,57.625,58.203125,49.76678466796875
timing,escaped_1m,stringify,baseline,82,1903.9268292682927,1903.1829268292684,1904.3292682926829,1903.8490853658536,20.515625,56.4375,57.015625,48.84490966796875
timing,escaped_1m,stringify,node,82,1851.658536585366,1849.5731707317073,1852.0,1842.5325243902441,60.75,78.484375,79.5625,39.961669921875
timing,escaped_1m,stringify,bun,82,2095.256097560976,2090.743902439024,2098.548780487805,2088.018292682927,34.859375,68.5625,68.96875,50.392578125
timing,escaped_1m,stringify,perry,82,1904.158536585366,1902.2682926829268,1908.658536585366,1904.0807926829268,20.515625,56.546875,57.09375,48.82928466796875
timing,unicode_1m,parse,bun,750,60.616,60.188,60.748,59.42511066666666,32.109375,97.71875,98.109375,79.34552001953125
timing,unicode_1m,parse,baseline,750,2039.944,2036.64,2043.9466666666667,2039.9417773333334,9.703125,54.875,55.453125,48.344970703125
timing,unicode_1m,parse,perry,750,984.212,983.8426666666667,984.7506666666667,984.2065000000001,9.5625,55.921875,56.453125,49.219970703125
timing,unicode_1m,parse,node,750,445.644,445.37733333333335,445.92133333333334,439.7784453333333,58.046875,146.03125,146.59375,109.34619140625
timing,unicode_1m,stringify,perry,322,986.5310559006211,984.4782608695652,986.7360248447205,986.7507763975156,19.5,58.640625,59.171875,50.57928466796875
timing,unicode_1m,stringify,node,322,437.3354037267081,436.9782608695652,442.360248447205,423.7419751552795,61.25,128.859375,129.453125,91.56256103515625
timing,unicode_1m,stringify,baseline,322,1642.052795031056,1641.3260869565217,1642.475155279503,1642.0430900621113,19.46875,57.640625,58.21875,49.73553466796875
timing,unicode_1m,stringify,bun,322,457.61801242236027,456.2298136645963,458.5248447204969,455.8395434782609,35.328125,80.96875,81.375,62.67364501953125
timing,wide_1m,parse,perry,3,10801.0,10773.666666666666,10807.666666666666,10800.277666666669,21.875,40.359375,41.171875,35.46990966796875
timing,wide_1m,parse,bun,3,4123.0,4101.0,4151.666666666667,4119.763666666668,38.53125,45.453125,45.84375,27.282958984375
timing,wide_1m,parse,baseline,3,405493.0,405447.6666666667,405708.6666666667,405500.23633333325,19.484375,37.578125,38.515625,32.6573486328125
timing,wide_1m,parse,node,3,5586.0,5584.333333333333,5691.0,5346.166666666667,69.671875,79.171875,79.859375,40.14764404296875
timing,wide_1m,stringify,perry,214,2507.532710280374,2504.4906542056074,2507.799065420561,2507.5179158878504,29.765625,70.15625,70.703125,62.563720703125
timing,wide_1m,stringify,bun,214,665.1495327102804,664.8785046728972,665.9766355140187,661.7965373831776,40.140625,84.234375,84.625,64.61114501953125
timing,wide_1m,stringify,baseline,214,2767.948598130841,2767.691588785047,2777.57476635514,2767.9830607476633,30.359375,70.453125,71.03125,61.891845703125
timing,wide_1m,stringify,node,214,6339.822429906542,6335.392523364486,6363.22429906542,6300.1296728971965,69.90625,115.9375,116.421875,78.844482421875
timing,heterogeneous_1m,parse,bun,78,2964.397435897436,2919.051282051282,2971.397435897436,2864.761217948718,34.96875,80.3125,80.703125,59.611083984375
timing,heterogeneous_1m,parse,node,78,3956.8333333333335,3873.269230769231,3981.2179487179487,3869.7425256410256,62.28125,91.515625,92.1875,56.0208740234375
timing,heterogeneous_1m,parse,baseline,78,2159.141025641026,2159.128205128205,2159.948717948718,2159.0881410256416,14.84375,67.484375,68.0625,56.56365966796875
timing,heterogeneous_1m,parse,perry,78,1867.8076923076924,1867.448717948718,1867.9871794871794,1867.7574743589742,14.71875,67.65625,68.203125,56.59490966796875
timing,heterogeneous_1m,stringify,baseline,168,4457.988095238095,4445.071428571428,4461.119047619048,4457.9441964285725,20.296875,58.609375,59.1875,50.860595703125
timing,heterogeneous_1m,stringify,node,168,905.8095238095239,904.4821428571429,910.4166666666666,868.4069940476193,63.171875,103.78125,110.765625,72.9517822265625
timing,heterogeneous_1m,stringify,bun,168,1061.095238095238,1059.5059523809523,1061.482142857143,1052.7348749999999,36.515625,101.09375,101.484375,81.97052001953125
timing,heterogeneous_1m,stringify,perry,168,4511.309523809524,4505.107142857143,4515.392857142857,4511.332339285714,20.328125,59.59375,60.109375,52.09490966796875
memory,tiny_object,retain-parse,perry,1,22.0,19.0,23.0,16.583999999999932,4.5625,12.28125,13.53125,7.79791259765625
memory,tiny_object,retain-parse,node,1,375.0,371.0,387.0,21.459000000000117,52.046875,52.640625,53.484375,13.458251953125
memory,tiny_object,retain-parse,bun,1,10.0,9.0,10.0,6.499999999999062,28.15625,28.234375,28.625,10.095458984375
memory,tiny_object,retain-parse,baseline,1,22.0,20.0,34.0,16.040999999999972,4.734375,12.34375,13.671875,7.79791259765625
memory,tiny_object,retain-parse,perry,200000,0.370295,0.37028,0.374145,0.370270835,4.5625,24.828125,26.015625,20.31365966796875
memory,tiny_object,retain-parse,node,200000,0.1303,0.125025,0.13273,0.10851603999999998,52.0625,74.734375,75.484375,32.51068115234375
memory,tiny_object,retain-parse,bun,200000,0.05806,0.057935,0.05893,0.054284165,28.140625,50.15625,50.546875,29.704833984375
memory,tiny_object,retain-parse,baseline,200000,0.37294,0.37293,0.38114,0.372909375,4.734375,24.90625,26.1875,20.32928466796875
memory,tiny_object,retain-stringify,perry,1,21.0,18.0,21.0,15.249999999999986,6.59375,12.546875,13.78125,7.84478759765625
memory,tiny_object,retain-stringify,node,1,361.0,359.0,367.0,8.124999999999716,52.109375,52.71875,53.546875,13.39569091796875
memory,tiny_object,retain-stringify,bun,1,8.0,8.0,8.0,4.416000000000864,28.21875,28.265625,28.671875,10.111083984375
memory,tiny_object,retain-stringify,baseline,1,22.0,19.0,22.0,15.665999999999958,6.671875,12.5625,13.875,7.82916259765625
memory,tiny_object,retain-stringify,perry,200000,0.253435,0.25325,0.25393,0.253405,6.578125,36.390625,36.9375,29.89178466796875
memory,tiny_object,retain-stringify,node,200000,0.08329,0.08298,0.083385,0.06585270499999998,52.140625,71.21875,71.96875,28.71307373046875
memory,tiny_object,retain-stringify,bun,200000,0.049065,0.04883,0.04915,0.04540458000000001,28.203125,46.984375,47.390625,26.501708984375
memory,tiny_object,retain-stringify,baseline,200000,0.255485,0.255345,0.25621,0.25546979,6.6875,36.34375,36.9375,29.89178466796875
memory,small_record,retain-parse,perry,1,27.0,26.0,28.0,20.8330000000001,4.578125,12.296875,13.53125,7.78228759765625
memory,small_record,retain-parse,node,1,382.0,379.0,383.0,27.082999999999302,51.984375,52.625,53.4375,13.380126953125
memory,small_record,retain-parse,bun,1,13.0,13.0,14.0,9.957999999999245,28.140625,28.234375,28.625,10.064208984375
memory,small_record,retain-parse,baseline,1,26.0,25.0,26.0,20.624999999999893,4.765625,12.359375,13.6875,7.79791259765625
memory,small_record,retain-parse,perry,100000,0.89943,0.89721,0.90019,0.89937417,4.578125,56.984375,57.515625,50.626220703125
memory,small_record,retain-parse,node,100000,0.48175,0.46918,0.49106,0.39974290999999995,52.03125,85.40625,86.109375,44.8768310546875
memory,small_record,retain-parse,bun,100000,0.26264,0.26255,0.26297,0.25535167000000003,28.140625,52.640625,53.03125,32.15789794921875
memory,small_record,retain-parse,baseline,100000,0.94678,0.94662,0.94828,0.94673417,4.765625,56.9375,57.53125,50.65753173828125
memory,small_record,retain-stringify,perry,1,25.0,22.0,29.0,19.24999999999999,6.65625,12.578125,13.796875,7.81353759765625
memory,small_record,retain-stringify,node,1,368.0,363.0,373.0,9.79100000000166,52.21875,52.765625,53.5625,13.427001953125
memory,small_record,retain-stringify,bun,1,10.0,9.0,10.0,5.958000000001462,28.234375,28.28125,28.6875,10.111083984375
memory,small_record,retain-stringify,baseline,1,25.0,22.0,26.0,19.124999999999837,6.765625,12.609375,13.921875,7.82916259765625
memory,small_record,retain-stringify,perry,100000,0.56142,0.56001,0.56778,0.56139208,6.65625,31.359375,40.046875,32.95428466796875
memory,small_record,retain-stringify,node,100000,0.18496,0.18353,0.18749,0.15735333,52.21875,80.375,81.078125,39.15582275390625
memory,small_record,retain-stringify,bun,100000,0.13481,0.13398,0.13548,0.12741333000000002,28.21875,51.015625,51.421875,30.517333984375
memory,small_record,retain-stringify,baseline,100000,0.58004,0.57901,0.58035,0.5800137499999999,6.765625,31.421875,40.046875,32.96990966796875
memory,records_array_1m,retain-parse,perry,1,1704.0,1700.0,1713.0,1699.3329999999999,6.65625,17.90625,19.03125,13.3292236328125
memory,records_array_1m,retain-parse,node,1,3927.0,3895.0,3946.0,3294.459,54.78125,58.296875,60.25,20.4755859375
memory,records_array_1m,retain-parse,bun,1,2395.0,2395.0,2425.0,2390.9580000000014,29.234375,31.578125,31.96875,13.42352294921875
memory,records_array_1m,retain-parse,baseline,1,2145.0,2142.0,2146.0,2139.792,6.84375,17.984375,19.1875,13.3448486328125
memory,records_array_1m,retain-parse,perry,16,1519.5,1519.25,1520.25,1519.0729375,6.671875,41.328125,42.53125,36.84490966796875
memory,records_array_1m,retain-parse,node,16,3632.875,3606.5625,3753.75,3029.6093749999995,54.84375,88.703125,89.53125,53.06658935546875
memory,records_array_1m,retain-parse,bun,16,2122.5,2122.3125,2408.0,2122.28125,29.25,55.875,56.265625,37.720458984375
memory,records_array_1m,retain-parse,baseline,16,1947.3125,1941.875,1948.9375,1946.984375,6.84375,41.390625,42.6875,36.86053466796875
memory,records_array_1m,retain-stringify,perry,1,2335.0,2312.0,2353.0,2329.917,11.390625,20.125,21.265625,15.2823486328125
memory,records_array_1m,retain-stringify,node,1,1325.0,1305.0,1334.0,913.4999999999991,58.140625,60.4375,62.796875,23.0855712890625
memory,records_array_1m,retain-stringify,bun,1,1070.0,1068.0,1071.0,1067.0000000000002,32.453125,34.390625,34.78125,16.15789794921875
memory,records_array_1m,retain-stringify,baseline,1,2484.0,2467.0,2490.0,2480.874999999999,11.578125,20.1875,21.4375,15.3135986328125
memory,records_array_1m,retain-stringify,perry,16,2148.25,2146.625,2162.625,2147.8385000000003,11.390625,34.015625,35.15625,29.18865966796875
memory,records_array_1m,retain-stringify,node,16,990.125,989.1875,1003.3749999999999,900.7005000000001,58.3125,76.34375,76.984375,37.86907958984375
memory,records_array_1m,retain-stringify,bun,16,989.5625,988.75,991.0625,989.2708124999999,32.453125,47.203125,47.59375,28.98602294921875
memory,records_array_1m,retain-stringify,baseline,16,2273.9375,2270.125,2308.0625,2273.6875,11.578125,34.078125,35.328125,29.21990966796875
memory,records_object_1m,retain-parse,perry,1,3603.0,3602.0,3606.0,3599.4589999999994,6.65625,15.9375,17.15625,11.40728759765625
memory,records_object_1m,retain-parse,node,1,3828.0,3818.0,3879.0,3193.0419999999986,54.859375,58.359375,60.265625,20.55389404296875
memory,records_object_1m,retain-parse,bun,1,2396.0,2396.0,2398.0,2393.333,29.234375,31.578125,31.96875,13.42352294921875
memory,records_object_1m,retain-parse,baseline,1,4030.9999999999995,4027.0,4059.0,4028.207999999999,6.84375,16.015625,17.328125,11.42291259765625
memory,records_object_1m,retain-parse,perry,16,4912.75,4911.4375,4922.25,4912.5,6.65625,67.171875,67.703125,60.81378173828125
memory,records_object_1m,retain-parse,node,16,3635.625,3491.125,3751.5625,2977.0807499999996,54.9375,88.6875,89.46875,53.0670166015625
memory,records_object_1m,retain-parse,bun,16,2134.875,2125.0,2397.0625,2135.252625,29.234375,55.859375,56.25,37.72052001953125
memory,records_object_1m,retain-parse,baseline,16,5402.8125,5392.9375,5408.6875,5402.34375,6.84375,67.03125,67.609375,60.79815673828125
memory,records_object_1m,retain-stringify,perry,1,2339.0,2324.0,2342.0,2333.875000000002,11.390625,20.15625,21.296875,15.2823486328125
memory,records_object_1m,retain-stringify,node,1,1306.0,1296.0,1327.0,920.5830000000005,58.25,60.484375,62.890625,23.17926025390625
memory,records_object_1m,retain-stringify,bun,1,1072.0,1068.0,1072.0,1068.3339999999982,32.46875,34.40625,34.796875,16.189208984375
memory,records_object_1m,retain-stringify,baseline,1,2468.0,2467.0,2477.0,2461.125,11.59375,20.1875,21.4375,15.2979736328125
memory,records_object_1m,retain-stringify,perry,16,2157.5,2153.6875,2160.4375,2157.1640625,11.390625,34.046875,35.1875,29.1729736328125
memory,records_object_1m,retain-stringify,node,16,992.9375,988.3125,994.1875,898.0781250000001,58.265625,76.328125,76.984375,37.9161376953125
memory,records_object_1m,retain-stringify,bun,16,988.1875,987.0625,989.6875,987.9687500000001,32.453125,47.203125,47.59375,28.97039794921875
memory,records_object_1m,retain-stringify,baseline,16,2289.9375,2279.875,2302.0625,2289.7109375,11.578125,34.078125,35.328125,29.20428466796875
memory,records_array_8m,retain-parse,perry,1,13718.0,13642.0,13819.0,13711.291,18.921875,48.546875,49.640625,43.95428466796875
memory,records_array_8m,retain-parse,node,1,27330.0,27144.0,28877.0,22780.290999999997,73.828125,94.25,97.65625,59.79541015625
memory,records_array_8m,retain-parse,bun,1,18616.0,18577.0,18619.0,18610.083000000002,35.171875,52.265625,52.65625,34.11102294921875
memory,records_array_8m,retain-parse,baseline,1,17038.0,17007.0,17093.0,17031.999999999996,19.109375,48.640625,49.8125,43.98553466796875
memory,records_array_8m,retain-parse,perry,4,13792.75,13765.0,13831.75,13791.7605,18.921875,89.28125,89.875,81.376220703125
memory,records_array_8m,retain-parse,node,4,26281.25,26240.25,26620.75,21514.447999999997,73.828125,146.890625,159.171875,128.16595458984375
memory,records_array_8m,retain-parse,bun,4,21745.0,21653.0,22023.0,18383.9895,35.1875,92.015625,92.40625,73.84552001953125
memory,records_array_8m,retain-parse,baseline,4,17222.0,17171.25,17243.75,17220.8125,19.109375,89.1875,89.796875,81.407470703125
memory,records_array_8m,retain-stringify,perry,1,35568.0,35555.0,35700.0,35564.791000000005,41.46875,75.78125,76.25,69.157470703125
memory,records_array_8m,retain-stringify,node,1,7778.0,7701.0,7825.0,7240.958999999996,100.65625,114.1875,118.375,80.593017578125
memory,records_array_8m,retain-stringify,bun,1,8246.0,8211.0,8302.0,8234.792,59.046875,73.421875,73.8125,55.204833984375
memory,records_array_8m,retain-stringify,baseline,1,36559.0,36492.0,36695.0,36552.833999999995,41.671875,75.703125,76.25,69.173095703125
memory,records_array_8m,retain-stringify,perry,4,21605.75,21553.25,21629.5,21604.75,41.46875,95.078125,95.546875,88.454345703125
memory,records_array_8m,retain-stringify,node,4,8910.25,8752.0,9046.75,7585.583500000001,100.65625,143.921875,144.640625,107.6429443359375
memory,records_array_8m,retain-stringify,bun,4,9377.75,9364.0,9378.25,8179.02075,59.03125,94.421875,94.8125,76.20489501953125
memory,records_array_8m,retain-stringify,baseline,4,22493.75,22492.0,22540.5,22492.6355,41.671875,95.0,95.53125,88.454345703125
memory,records_object_8m,retain-parse,perry,1,28154.0,28146.0,28228.0,28150.958,18.921875,42.953125,56.421875,49.516845703125
memory,records_object_8m,retain-parse,node,1,27545.0,27504.0,28606.0,23055.833,73.875,94.34375,97.75,59.92034912109375
memory,records_object_8m,retain-parse,bun,1,18662.0,18568.0,18755.0,18655.042,35.1875,52.28125,52.671875,34.126708984375
memory,records_object_8m,retain-parse,baseline,1,31618.0,31575.0,31641.0,31612.5,19.109375,42.96875,56.296875,49.391845703125
memory,records_object_8m,retain-parse,perry,4,37932.75,37861.75,37999.0,37931.59375000001,18.921875,113.46875,114.0,107.11065673828125
memory,records_object_8m,retain-parse,node,4,26799.75,26423.5,27267.75,22077.96875,73.84375,146.921875,159.1875,128.02471923828125
memory,records_object_8m,retain-parse,bun,4,21718.5,21568.5,21757.5,18344.47925,35.1875,91.828125,92.21875,73.67376708984375
memory,records_object_8m,retain-parse,baseline,4,41405.5,41342.0,41471.25,41403.62500000001,19.125,113.390625,113.96875,107.09503173828125
memory,records_object_8m,retain-stringify,perry,1,35600.0,35574.0,35686.0,35594.041999999994,41.484375,75.78125,76.25,69.157470703125
memory,records_object_8m,retain-stringify,node,1,7697.0,7697.0,7724.0,7208.375000000004,100.6875,114.171875,118.40625,80.530517578125
memory,records_object_8m,retain-stringify,bun,1,8197.0,8183.0,8231.0,8189.042000000004,59.03125,73.40625,73.796875,55.189208984375
memory,records_object_8m,retain-stringify,baseline,1,36570.0,36558.0,36646.0,36565.87499999999,41.671875,75.71875,76.265625,69.173095703125
memory,records_object_8m,retain-stringify,perry,4,21629.25,21520.5,21636.25,21628.145750000003,41.484375,95.078125,95.546875,88.454345703125
memory,records_object_8m,retain-stringify,node,4,8857.0,8813.0,9008.25,7536.177250000002,100.6875,143.953125,144.640625,107.611572265625
memory,records_object_8m,retain-stringify,bun,4,9364.5,9353.0,9374.5,8181.33325,59.046875,94.4375,94.828125,76.23614501953125
memory,records_object_8m,retain-stringify,baseline,4,22545.25,22426.75,22560.75,22543.30225,41.671875,95.015625,95.546875,88.454345703125
memory,long_string_1m,retain-parse,perry,1,196.0,193.0,201.0,192.7500000000002,7.09375,15.390625,16.609375,10.87603759765625
memory,long_string_1m,retain-parse,node,1,813.0,805.0,824.0,444.91700000000026,54.90625,56.515625,57.609375,17.61468505859375
memory,long_string_1m,retain-parse,bun,1,127.0,126.0,129.0,124.16599999999889,29.46875,30.578125,30.953125,12.439208984375
memory,long_string_1m,retain-parse,baseline,1,1429.0,1423.0,1451.0,1421.708,7.28125,15.40625,16.71875,10.84478759765625
memory,long_string_1m,retain-parse,perry,32,266.125,265.09375,266.4375,266.02603125,7.09375,56.96875,57.546875,49.594970703125
memory,long_string_1m,retain-parse,node,32,464.34375,462.84375,466.15625,442.62368749999996,54.921875,89.15625,90.109375,50.99371337890625
memory,long_string_1m,retain-parse,bun,32,140.71875,139.03125,140.8125,126.97006249999998,29.40625,61.625,62.015625,43.470458984375
memory,long_string_1m,retain-parse,baseline,32,1495.625,1494.375,1501.125,1495.51171875,7.28125,56.796875,57.40625,49.57940673828125
memory,long_string_1m,retain-stringify,perry,1,387.0,378.0,395.0,383.7090000000005,11.328125,21.078125,22.21875,16.2979736328125
memory,long_string_1m,retain-stringify,node,1,932.0,917.0,940.0,383.8750000000033,57.59375,60.5625,61.53125,21.4591064453125
memory,long_string_1m,retain-stringify,bun,1,155.0,150.0,164.0,151.62500000000102,31.515625,32.578125,32.984375,14.407958984375
memory,long_string_1m,retain-stringify,baseline,1,1147.0,1140.0,1155.0,1141.1250000000007,11.46875,21.078125,22.296875,16.28240966796875
memory,long_string_1m,retain-stringify,perry,32,262.5625,261.21875,263.5625,262.48178125,11.328125,59.90625,60.46875,51.36065673828125
memory,long_string_1m,retain-stringify,node,32,191.90625,190.25,196.96875,173.93359374999994,57.625,92.234375,93.234375,54.08758544921875
memory,long_string_1m,retain-stringify,bun,32,171.375,168.90625,174.09375,158.26171875,31.53125,63.734375,64.140625,45.53289794921875
memory,long_string_1m,retain-stringify,baseline,32,1037.65625,1036.875,1040.0625,1037.43621875,11.46875,59.78125,60.375,51.36065673828125
memory,unicode_1m,retain-parse,perry,1,984.0,980.0,991.0,979.8749999999998,6.640625,14.546875,15.75,10.0323486328125
memory,unicode_1m,retain-parse,node,1,1227.0,1224.0,1235.0,719.7920000000017,55.5625,57.609375,58.4375,18.349365234375
memory,unicode_1m,retain-parse,bun,1,114.0,113.0,117.0,109.66600000000071,30.265625,31.265625,31.640625,13.064208984375
memory,unicode_1m,retain-parse,baseline,1,2025.0,2019.0000000000002,2029.0,2021.4999999999995,6.796875,14.59375,15.890625,10.00103759765625
memory,unicode_1m,retain-parse,perry,32,964.625,964.28125,964.8125,964.5455625000001,6.640625,44.734375,45.921875,40.235595703125
memory,unicode_1m,retain-parse,node,32,527.25,527.1875,527.71875,506.55209374999987,55.625,86.265625,86.953125,47.931640625
memory,unicode_1m,retain-parse,bun,32,103.46875,103.46875,107.125,103.36328125,30.203125,58.90625,59.296875,40.689208984375
memory,unicode_1m,retain-parse,baseline,32,2005.59375,2002.34375,2006.0625,2005.4856874999998,6.796875,44.796875,46.078125,40.21990966796875
memory,unicode_1m,retain-stringify,perry,1,1127.0,1119.0,1131.0,1120.833,9.765625,18.640625,19.765625,13.8448486328125
memory,unicode_1m,retain-stringify,node,1,1249.0,1229.0,1264.0,677.0829999999996,58.078125,60.84375,61.546875,21.459228515625
memory,unicode_1m,retain-stringify,bun,1,587.0,580.0,595.0,584.0829999999996,32.140625,34.046875,34.453125,15.767333984375
memory,unicode_1m,retain-stringify,baseline,1,1792.0,1782.0,1802.0,1786.1250000000002,9.875,18.65625,19.875,13.8448486328125
memory,unicode_1m,retain-stringify,perry,32,964.84375,963.25,967.53125,964.7630312500002,9.78125,48.59375,49.734375,43.844970703125
memory,unicode_1m,retain-stringify,node,32,493.4375,493.15625,497.5,474.81250000000006,58.015625,89.109375,89.828125,50.6346435546875
memory,unicode_1m,retain-stringify,bun,32,494.96875,492.6875,503.375,494.8724062499999,32.09375,61.703125,62.109375,43.40789794921875
memory,unicode_1m,retain-stringify,baseline,32,1617.6875,1617.3125,1629.3125,1617.5000000000002,9.875,48.625,49.859375,43.844970703125
memory,wide_1m,retain-parse,perry,1,12440.0,12346.0,12464.0,12434.125,6.8125,24.53125,25.390625,19.6729736328125
memory,wide_1m,retain-parse,node,1,7536.0,7512.0,7590.0,6989.7080000000005,54.984375,65.5625,66.390625,26.5220947265625
memory,wide_1m,retain-parse,bun,1,5695.0,5689.0,5745.0,5691.541000000001,29.328125,36.265625,36.65625,18.09539794921875
memory,wide_1m,retain-parse,baseline,1,406765.0,406493.0,406877.0,406759.20800000004,6.984375,22.875,23.828125,17.9698486328125
memory,wide_1m,retain-parse,perry,16,10846.0,10814.625,10851.3125,10845.791687500001,6.8125,75.625,76.484375,70.798095703125
memory,wide_1m,retain-parse,node,16,5568.75,5563.5,5590.4375,5404.046875000001,55.046875,112.484375,113.171875,73.82080078125
memory,wide_1m,retain-parse,bun,16,4310.375,4293.9375,4315.4375,4276.2395625,29.34375,68.890625,69.28125,50.720458984375
memory,wide_1m,retain-parse,baseline,16,405736.375,405730.9375,405743.25,405738.0703125,6.984375,73.609375,74.5625,65.15753173828125
memory,wide_1m,retain-stringify,perry,1,3810.0,3809.0,3980.0,3803.9999999999986,19.421875,30.640625,31.5,25.57928466796875
memory,wide_1m,retain-stringify,node,1,7527.0,7505.0,7530.0,7062.292000000003,66.3125,68.625,69.375,29.5224609375
memory,wide_1m,retain-stringify,bun,1,773.0,773.0,775.0,768.9580000000013,37.203125,39.203125,39.59375,21.00164794921875
memory,wide_1m,retain-stringify,baseline,1,4094.9999999999995,4078.9999999999995,4125.0,4089.666999999963,18.03125,29.46875,30.484375,24.4073486328125
memory,wide_1m,retain-stringify,perry,16,2449.0625,2444.6875,2451.5625,2448.8203125000005,19.421875,45.921875,46.78125,40.86053466796875
memory,wide_1m,retain-stringify,node,16,6484.375,6452.875,6505.25,6442.229125,66.390625,86.53125,87.203125,48.213623046875
memory,wide_1m,retain-stringify,bun,16,703.0,702.125,703.125,702.7004999999999,37.203125,53.421875,53.8125,35.20477294921875
memory,wide_1m,retain-stringify,baseline,16,2700.8125,2700.0,2702.75,2700.3749999999977,18.015625,44.734375,45.75,39.68865966796875
